"university_name, city",university_ege_2017,university_grow_2016_2017,university_gov_stidents_count,university_stidents_compet_count,university_stidents_olimp_count,university_stidents_quot_count,university_stidents_target_count,university_ege_minus_id,university_name,university_city
"Адыгейский государственный университет, г. Майкоп",60.7,0.9,566,542,1,18,5,Нет,Адыгейский государственный университет, Майкоп
"Алтайский государственный аграрный университет, г. Барнаул",52.1,0.5,612,549,0,50,13,Нет,Алтайский государственный аграрный университет, Барнаул
"Алтайский государственный гуманитарно-педагогический университет им. В.М. Шукшина, г. Бийск",59.9,-3.9,159,109,0,13,37,Да,Алтайский государственный гуманитарно-педагогический университет им. В.М. Шукшина, Бийск
"Алтайский государственный медицинский университет, г. Барнаул",72.2,1.3,486,118,2,16,350,Да,Алтайский государственный медицинский университет, Барнаул
"Алтайский государственный педагогический университет, г. Барнаул",63.4,0.1,598,424,0,47,127,Да,Алтайский государственный педагогический университет, Барнаул
"Алтайский государственный технический университет им. И.И. Ползунова, г. Барнаул",63.0,2.5,927,882,6,28,11,Нет,Алтайский государственный технический университет им. И.И. Ползунова, Барнаул
"Алтайский государственный университет, г. Барнаул",69.5,0.2,917,847,18,52,0,Да,Алтайский государственный университет, Барнаул
Альметьевский государственный нефтяной институт,62.1,0.2,290,271,0,8,11,Нет,Альметьевский государственный нефтяной институт,Не определено
"Амурская государственная медицинская академия, г. Благовещенск",62.6,0.5,265,140,0,10,115,Да,"Амурская государственная медицинская академия, г. Благовещенск",Не определено
"Амурский государственный университет, г. Благовещенск",61.2,0.5,536,452,0,49,35,Нет,Амурский государственный университет, Благовещенск
"Амурский гуманитарно-педагогический государственный университет, г. Комсомольск-на-Амуре",59.0,1,253,209,0,23,21,Нет,Амурский гуманитарно-педагогический государственный университет, Комсомольск-на-Амуре
Ангарский государственный технический университет,53.5,-0.2,195,182,0,13,0,Нет,Ангарский государственный технический университет,Не определено
Армавирская государственная педагогическая академия,66.0,-1.1,369,244,0,25,100,Нет,Армавирская государственная педагогическая академия,Не определено
Астраханский государственный медицинский университет,70.1,0.7,267,56,0,26,185,Да,Астраханский государственный медицинский университет,Не определено
Астраханский государственный технический университет,57.9,-0.3,616,561,0,16,39,Нет,Астраханский государственный технический университет,Не определено
Астраханский государственный университет,63.5,0.3,601,522,0,44,35,Да,Астраханский государственный университет,Не определено
Астраханский инженерно-строительный институт,59.0,1.7,160,148,0,2,10,Да,Астраханский инженерно-строительный институт,Не определено
"Байкальский государственный университет, г. Иркутск",71.5,0.5,245,213,0,31,1,Да,Байкальский государственный университет, Иркутск
"Балтийская государственная академия рыбопромыслового флота, г. Калининград",55.2,0.8,268,261,0,7,0,Да,Балтийская государственная академия рыбопромыслового флота, Калининград
"Балтийский государственный технический университет ""Военмех"" им. Д.Ф. Устинова, г. Санкт-Петербург",68.0,-0.6,880,599,0,14,267,Нет,"Балтийский государственный технический университет ""Военмех"" им. Д.Ф. Устинова", Санкт-Петербург
Балтийский федеральный университет им. И. Канта,72.6,0.2,894,828,2,31,33,Да,Балтийский федеральный университет им. И. Канта,Не определено
"Башкирский государственный аграрный университет, г. Уфа",57.3,3.3,501,350,0,26,125,Нет,Башкирский государственный аграрный университет, Уфа
"Башкирский государственный медицинский университет, г. Уфа",76.0,0.5,645,260,1,24,360,Да,Башкирский государственный медицинский университет, Уфа
"Башкирский государственный педагогический университет им. М. Акмуллы, г. Уфа",67.5,2.6,625,530,1,41,53,Нет,Башкирский государственный педагогический университет им. М. Акмуллы, Уфа
"Башкирский государственный университет, г. Уфа",67.5,0.3,819,731,3,42,43,Нет,Башкирский государственный университет, Уфа
Белгородский государственный аграрный университет им. В.Я. Горина,56.1,2.2,424,361,0,19,44,Нет,Белгородский государственный аграрный университет им. В.Я. Горина,Не определено
Белгородский государственный институт искусств и культуры,77.4,2.5,111,98,0,4,9,Нет,Белгородский государственный институт искусств и культуры,Не определено
Белгородский государственный национальный исследовательский университет,68.9,-1.9,791,660,1,49,81,Да,Белгородский государственный национальный исследовательский университет,Не определено
Белгородский государственный технологический университет им. В.Г. Шухова,67.3,2.3,995,942,2,29,22,Да,Белгородский государственный технологический университет им. В.Г. Шухова,Не определено
Благовещенский государственный педагогический университет,61.2,0,369,337,0,24,8,Нет,Благовещенский государственный педагогический университет,Не определено
Братский государственный университет,51.0,-3,389,370,0,19,0,Нет,Братский государственный университет,Не определено
Брянская государственная сельскохозяйственная академия,56.3,-0.9,341,305,0,25,11,Нет,Брянская государственная сельскохозяйственная академия,Не определено
Брянский государственный инженерно-технологический университет,56.5,2.2,255,241,0,9,5,Да,Брянский государственный инженерно-технологический университет,Не определено
Брянский государственный технический университет,58.8,-0.5,630,583,0,13,34,Да,Брянский государственный технический университет,Не определено
Брянский государственный университет им. И.Г. Петровского,72.5,2,411,372,0,32,7,Нет,Брянский государственный университет им. И.Г. Петровского,Не определено
"Бурятская государственная сельскохозяйственная академия им. В.Р. Филиппова, г. Улан-Удэ",47.7,0,426,377,0,41,8,Нет,Бурятская государственная сельскохозяйственная академия им. В.Р. Филиппова, Улан-Удэ
"Бурятский государственный университет, г. Улан-Удэ",59.6,-0.6,546,461,1,35,49,Да,Бурятский государственный университет, Улан-Удэ
Великолукская государственная сельскохозяйственная академия,53.5,6.2,113,97,0,10,6,Нет,Великолукская государственная сельскохозяйственная академия,Не определено
Владивостокский государственный университет экономики и сервиса,68.8,0.6,281,262,0,19,0,Нет,Владивостокский государственный университет экономики и сервиса,Не определено
Владимирский государственный университет,62.5,0.3,1191,1065,0,57,69,Нет,Владимирский государственный университет,Не определено
Волгоградский государственный аграрный университет,54.6,-0.7,654,507,0,53,94,Нет,Волгоградский государственный аграрный университет,Не определено
Волгоградский государственный медицинский университет,71.9,-0.6,606,371,0,30,205,Да,Волгоградский государственный медицинский университет,Не определено
Волгоградский государственный социально-педагогический университет,69.2,0,567,478,0,40,49,Да,Волгоградский государственный социально-педагогический университет,Не определено
Волгоградский государственный технический университет,57.6,-1.5,1212,1131,0,49,32,Да,Волгоградский государственный технический университет,Не определено
Волгоградский государственный университет,66.8,1.9,568,531,1,29,7,Да,Волгоградский государственный университет,Не определено
Волгоградский институт управления - филиал РАНХиГС,72.6,-0.1,132,106,0,15,11,Да,Волгоградский институт управления - филиал РАНХиГС,Не определено
"Волжский государственный университет водного транспорта, г. Нижний Новгород",50.8,-0.6,470,461,0,4,5,Да,Волжский государственный университет водного транспорта, Нижний Новгород
"Волжский институт экономики, педагогики и права",60.7,-0.4,40,35,0,5,0,Да,"Волжский институт экономики, педагогики и права",Не определено
Вологодская государственная молочнохозяйственная академия им. Н.В. Верещагина,55.5,1.8,269,240,0,12,17,Нет,Вологодская государственная молочнохозяйственная академия им. Н.В. Верещагина,Не определено
Вологодский государственный университет,61.1,0.4,823,758,0,35,30,Нет,Вологодский государственный университет,Не определено
Воронежский государственный лесотехнический университет им. Г.Ф. Морозова,64.2,4.9,350,299,0,20,31,Да,Воронежский государственный лесотехнический университет им. Г.Ф. Морозова,Не определено
Воронежский государственный медицинский университет им. Н.Н. Бурденко,75.5,-1.8,438,130,0,26,282,Да,Воронежский государственный медицинский университет им. Н.Н. Бурденко,Не определено
Воронежский государственный педагогический университет,70.5,1.8,412,323,0,36,53,Нет,Воронежский государственный педагогический университет,Не определено
Воронежский государственный технический университет,63.0,0,1587,1203,4,27,353,Нет,Воронежский государственный технический университет,Не определено
Воронежский государственный университет,70.4,-0.7,1691,1609,6,47,29,Нет,Воронежский государственный университет,Не определено
Воронежский государственный университет инженерных технологий,60.5,1.7,561,536,0,16,9,Да,Воронежский государственный университет инженерных технологий,Не определено
"Восточно-Сибирский государственный университет технологий и управления, г. Улан-Удэ",52.4,0.8,535,405,0,41,89,Да,Восточно-Сибирский государственный университет технологий и управления, Улан-Удэ
"Всероссийская академия внешней торговли, г. Москва",87.6,-2.3,176,162,2,12,0,Да,Всероссийская академия внешней торговли, Москва
"Всероссийский государственный университет юстиции (РПА Минюста России), г. Москва",83.6,2.7,90,80,0,10,0,Нет,Всероссийский государственный университет юстиции (РПА Минюста России), Москва
"Вятская государственная сельскохозяйственная академия, г. Киров",56.8,2.6,401,369,0,21,11,Нет,Вятская государственная сельскохозяйственная академия, Киров
"Вятский государственный университет, г. Киров",65.0,-0.7,1494,1324,3,61,106,Да,Вятский государственный университет, Киров
Глазовский государственный педагогический институт им. В.Г. Короленко,69.3,0.1,292,183,0,20,89,Нет,Глазовский государственный педагогический институт им. В.Г. Короленко,Не определено
Горно-Алтайский государственный университет,60.3,0.3,344,306,0,28,10,Нет,Горно-Алтайский государственный университет,Не определено
"Горский государственный аграрный университет, г. Владикавказ",50.4,5.1,351,332,0,18,1,Нет,Горский государственный аграрный университет, Владикавказ
"Государственный аграрный университет Северного Зауралья, г. Тюмень",53.9,1.5,427,369,0,23,35,Нет,Государственный аграрный университет Северного Зауралья, Тюмень
"Государственный академический университет гуманитарных наук, г. Москва",81.1,1.9,99,94,1,4,0,Нет,Государственный академический университет гуманитарных наук, Москва
"Государственный гуманитарно-технологический университет, г. Орехово-Зуево",64.5,1,385,244,0,28,113,Нет,Государственный гуманитарно-технологический университет, Орехово-Зуево
"Государственный институт русского языка им. А.С. Пушкина, г. Москва",89.1,1.5,76,76,0,0,0,Да,Государственный институт русского языка им. А.С. Пушкина, Москва
"Государственный институт экономики, финансов, права и технологий, г. Гатчина",68.3,-1.4,236,229,0,7,0,Нет,"Государственный институт экономики, финансов, права и технологий", Гатчина
"Государственный морской университет им. адмирала Ф.Ф. Ушакова, г. Новороссийск",60.7,0.2,335,263,0,5,67,Нет,Государственный морской университет им. адмирала Ф.Ф. Ушакова, Новороссийск
"Государственный социально-гуманитарный университет, г. Коломна",67.2,0.2,397,256,1,28,112,Нет,Государственный социально-гуманитарный университет, Коломна
"Государственный университет морского и речного флота им. адмирала С.О. Макарова, г. Санкт-Петербург",63.6,0.5,848,754,1,17,76,Нет,Государственный университет морского и речного флота им. адмирала С.О. Макарова, Санкт-Петербург
"Государственный университет по землеустройству, г. Москва",65.6,-1.2,330,307,0,11,12,Нет,Государственный университет по землеустройству, Москва
"Государственный университет управления, г. Москва",79.3,1.5,522,470,0,48,4,Нет,Государственный университет управления, Москва
Грозненский государственный нефтяной технический университет им. академика М.Д. Миллионщикова,50.7,8.6,717,672,0,38,7,Нет,Грозненский государственный нефтяной технический университет им. академика М.Д. Миллионщикова,Не определено
"Дагестанский государственный аграрный университет, г. Махачкала",68.5,1,416,327,0,26,63,Нет,Дагестанский государственный аграрный университет, Махачкала
"Дагестанский государственный медицинский университет, г. Махачкала",69.3,0.5,486,171,0,49,266,Да,Дагестанский государственный медицинский университет, Махачкала
"Дагестанский государственный педагогический университет, г. Махачкала",56.1,4.6,726,694,0,26,6,Нет,Дагестанский государственный педагогический университет, Махачкала
"Дагестанский государственный технический университет, г. Махачкала",53.9,0.9,408,392,0,9,7,Да,Дагестанский государственный технический университет, Махачкала
"Дагестанский государственный университет народного хозяйства, г. Махачкала",51.6,-1.3,501,489,0,12,0,Нет,Дагестанский государственный университет народного хозяйства, Махачкала
"Дагестанский государственный университет, г. Махачкала",57.2,-1.7,1393,1271,6,91,25,Нет,Дагестанский государственный университет, Махачкала
"Дальневосточный государственный аграрный университет, г. Благовещенск",44.8,-3.2,413,354,0,50,9,Нет,Дальневосточный государственный аграрный университет, Благовещенск
"Дальневосточный государственный медицинский университет, г. Хабаровск",66.3,0.1,425,147,0,11,267,Да,Дальневосточный государственный медицинский университет, Хабаровск
"Дальневосточный государственный технический рыбохозяйственный университет, г. Владивосток",48.5,-1.3,417,401,0,16,0,Нет,Дальневосточный государственный технический рыбохозяйственный университет, Владивосток
"Дальневосточный государственный университет путей сообщения, г. Хабаровск",59.5,0.6,885,543,1,15,326,Нет,Дальневосточный государственный университет путей сообщения, Хабаровск
"Дальневосточный институт управления - филиал РАНХиГС, г. Хабаровск",73.6,2.2,70,57,0,8,5,Да,Дальневосточный институт управления - филиал РАНХиГС, Хабаровск
Дальневосточный федеральный университет,68.4,0.9,2240,1933,4,110,193,Нет,Дальневосточный федеральный университет,Не определено
"Донской государственный аграрный университет, пос. Персиановский",55.3,0.4,291,240,0,23,28,Нет,"Донской государственный аграрный университет, пос. Персиановский",Не определено
"Донской государственный технический университет, г. Ростов-на-Дону",57.1,-1.3,2627,2447,0,66,114,Да,Донской государственный технический университет, Ростов-на-Дону
Елецкий государственный университет им. И.А. Бунина,59.8,-1.5,386,353,0,26,7,Да,Елецкий государственный университет им. И.А. Бунина,Не определено
Забайкальский государственный университет,57.2,1.2,966,842,0,75,49,Нет,Забайкальский государственный университет,Не определено
Ивановская государственная медицинская академия,73.3,-0.4,315,115,1,17,182,Да,Ивановская государственная медицинская академия,Не определено
Ивановская государственная сельскохозяйственная академия им. Д.К. Беляева,56.1,3.3,225,197,0,23,5,Нет,Ивановская государственная сельскохозяйственная академия им. Д.К. Беляева,Не определено
Ивановский государственный политехнический университет,55.5,0,308,296,0,9,3,Нет,Ивановский государственный политехнический университет,Не определено
Ивановский государственный университет,65.1,-0.8,260,243,0,15,2,Нет,Ивановский государственный университет,Не определено
Ивановский государственный химико-технологический университет,58.9,0,496,474,0,10,12,Да,Ивановский государственный химико-технологический университет,Не определено
Ивановский государственный энергетический университет,67.5,0.4,574,538,2,12,22,Нет,Ивановский государственный энергетический университет,Не определено
Ижевская государственная медицинская академия,75.2,0.8,418,169,0,13,236,Да,Ижевская государственная медицинская академия,Не определено
Ижевская государственная сельскохозяйственная академия,53.1,-0.1,492,416,0,30,46,Нет,Ижевская государственная сельскохозяйственная академия,Не определено
Ижевский государственный технический университет,65.0,0.5,846,634,4,33,175,Нет,Ижевский государственный технический университет,Не определено
"Ингушский государственный университет, г. Магас",63.1,-1.1,494,429,0,39,26,Нет,Ингушский государственный университет, Магас
Иркутский государственный аграрный университет им. А.А. Ежевского,48.2,-0.9,337,316,0,16,5,Нет,Иркутский государственный аграрный университет им. А.А. Ежевского,Не определено
Иркутский государственный медицинский университет,69.5,-0.3,414,194,0,30,190,Да,Иркутский государственный медицинский университет,Не определено
Иркутский государственный университет,63.9,-0.2,1305,1126,1,102,76,Да,Иркутский государственный университет,Не определено
Иркутский государственный университет путей сообщения,55.4,-0.5,710,492,0,18,200,Нет,Иркутский государственный университет путей сообщения,Не определено
Иркутский национальный исследовательский технический университет,64.9,1.3,1301,1043,0,75,183,Да,Иркутский национальный исследовательский технический университет,Не определено
Кабардино-Балкарский государственный аграрный университет им. В.М. Кокова,51.2,1.7,380,341,0,27,12,Нет,Кабардино-Балкарский государственный аграрный университет им. В.М. Кокова,Не определено
"Кабардино-Балкарский государственный университет им. Х.М. Бербекова, г. Нальчик",60.1,2.6,811,712,0,62,37,Нет,Кабардино-Балкарский государственный университет им. Х.М. Бербекова, Нальчик
Казанская государственная академия ветеринарной медицины им. Н.Э. Баумана,60.0,-0.2,300,267,0,11,22,Да,Казанская государственная академия ветеринарной медицины им. Н.Э. Баумана,Не определено
Казанский (Приволжский) федеральный университет,77.3,0.4,1815,1599,11,110,95,Да,Казанский (Приволжский) федеральный университет,Не определено
Казанский государственный аграрный университет,61.3,2.7,313,215,0,9,89,Да,Казанский государственный аграрный университет,Не определено
Казанский государственный архитектурно-строительный университет,74.3,0.5,413,361,3,9,40,Нет,Казанский государственный архитектурно-строительный университет,Не определено
Казанский государственный медицинский университет,79.4,0.4,426,127,9,26,264,Да,Казанский государственный медицинский университет,Не определено
Казанский государственный энергетический университет,69.5,2.9,686,609,2,9,66,Нет,Казанский государственный энергетический университет,Не определено
Казанский национальный исследовательский технический университет им. А.Н.Туполева,71.4,2.3,1012,820,21,42,129,Да,Казанский национальный исследовательский технический университет им. А.Н.Туполева,Не определено
Казанский национальный исследовательский технологический университет,65.3,3.3,1485,1346,0,29,110,Нет,Казанский национальный исследовательский технологический университет,Не определено
Калининградский государственный технический университет,59.3,1.1,470,451,0,19,0,Да,Калининградский государственный технический университет,Не определено
"Калмыцкий государственный университет, г. Элиста",58.2,-1.2,722,663,0,37,22,Нет,Калмыцкий государственный университет, Элиста
Калужский государственный университет им. К.Э. Циолковского,72.1,2.5,387,317,2,30,38,Нет,Калужский государственный университет им. К.Э. Циолковского,Не определено
Калужский филиал Московского государственного технического университета им. Н.Э. Баумана,62.1,,471,386,0,7,78,Нет,Калужский филиал Московского государственного технического университета им. Н.Э. Баумана,Не определено
"Камчатский государственный технический университет, г. Петропавловск-Камчатский",54.1,-2.3,220,218,0,2,0,Нет,Камчатский государственный технический университет, Петропавловск-Камчатский
"Камчатский государственный университет им. Витуса Беринга, г. Петропавловск-Камчатский",62.3,,170,155,0,8,7,Нет,Камчатский государственный университет им. Витуса Беринга, Петропавловск-Камчатский
Карачаево-Черкесский государственный университет им. У.Д. Алиева,49.4,-4.5,414,392,0,22,0,Нет,Карачаево-Черкесский государственный университет им. У.Д. Алиева,Не определено
Кемеровский государственный медицинский университет,71.1,0.2,424,185,0,20,219,Нет,Кемеровский государственный медицинский университет,Не определено
Кемеровский государственный сельскохозяйственный институт,62.0,7.1,150,97,0,14,39,Нет,Кемеровский государственный сельскохозяйственный институт,Не определено
Кемеровский государственный университет,67.8,1.1,668,609,0,41,18,Нет,Кемеровский государственный университет,Не определено
Кемеровский технологический институт пищевой промышленности,64.0,1.4,497,473,0,20,4,Нет,Кемеровский технологический институт пищевой промышленности,Не определено
Кировский государственный медицинский университет,70.8,-1.6,365,116,0,5,244,Да,Кировский государственный медицинский университет,Не определено
Ковровская государственная технологическая академия им. В.А. Дегтярева,,,0,0,0,0,0,Нет,Ковровская государственная технологическая академия им. В.А. Дегтярева,Не определено
"Коми республиканская академия государственной службы и управления, г. Сыктывкар",65.1,-4.4,40,35,0,1,4,Нет,Коми республиканская академия государственной службы и управления, Сыктывкар
Комсомольский-на-Амуре государственный технический университет,60.4,-1.8,462,351,0,23,88,Нет,Комсомольский-на-Амуре государственный технический университет,Не определено
Костромская государственная сельскохозяйственная академия,55.2,3,330,313,0,4,13,Да,Костромская государственная сельскохозяйственная академия,Не определено
Костромской государственный университет им. Н.А. Некрасова,61.8,-4.3,612,519,0,17,76,Да,Костромской государственный университет им. Н.А. Некрасова,Не определено
Красноярский государственный аграрный университет,52.0,1.9,601,535,0,47,19,Нет,Красноярский государственный аграрный университет,Не определено
Красноярский государственный медицинский университет им. В.Ф. Войно-Ясенецкого,74.6,0.5,340,115,8,34,183,Да,Красноярский государственный медицинский университет им. В.Ф. Войно-Ясенецкого,Не определено
Красноярский государственный педагогический университет им. В.П. Астафьева,68.2,1.4,405,285,0,27,93,Да,Красноярский государственный педагогический университет им. В.П. Астафьева,Не определено
Крымский федеральный университет им. В.И. Вернадского,65.1,,2647,2354,0,92,201,Да,Крымский федеральный университет им. В.И. Вернадского,Не определено
"Кубанский государственный аграрный университет, г. Краснодар",65.8,1.2,861,781,0,25,55,Нет,Кубанский государственный аграрный университет, Краснодар
"Кубанский государственный медицинский университет, г. Краснодар",79.8,0.3,365,45,1,37,282,Да,Кубанский государственный медицинский университет, Краснодар
"Кубанский государственный технологический университет, г. Краснодар",69.3,0,606,537,4,26,39,Нет,Кубанский государственный технологический университет, Краснодар
"Кубанский государственный университет, г. Краснодар",73.3,-0.6,1667,1404,2,73,188,Да,Кубанский государственный университет, Краснодар
"Кузбасский государственный технический университет им. Т.Ф. Горбачева, г. Кемерово",55.5,-1.3,945,887,0,31,27,Нет,Кузбасский государственный технический университет им. Т.Ф. Горбачева, Кемерово
"Курганская государственная сельскохозяйственная академия им. Т.С. Мальцева, г. Лесниково",53.3,6.3,202,190,0,9,3,Да,Курганская государственная сельскохозяйственная академия им. Т.С. Мальцева, Лесниково
Курганский государственный университет,62.4,1.6,555,452,0,52,51,Нет,Курганский государственный университет,Не определено
Курская академия государственной и муниципальной службы,62.6,0.6,66,42,0,5,19,Нет,Курская академия государственной и муниципальной службы,Не определено
Курская государственная сельскохозяйственная академия,53.3,-3.9,272,168,0,12,92,Нет,Курская государственная сельскохозяйственная академия,Не определено
Курский государственный медицинский университет,74.0,0.3,454,218,1,22,213,Да,Курский государственный медицинский университет,Не определено
Курский государственный университет,70.5,0.2,559,446,1,51,61,Нет,Курский государственный университет,Не определено
"Ленинградский государственный университет им. А.С. Пушкина, г. Санкт-Петербург",73.1,-0.2,399,285,0,25,89,Да,Ленинградский государственный университет им. А.С. Пушкина, Санкт-Петербург
Липецкий государственный педагогический университет,65.0,3.1,526,407,3,28,88,Да,Липецкий государственный педагогический университет,Не определено
Липецкий государственный технический университет,59.6,-1.8,638,575,0,16,47,Нет,Липецкий государственный технический университет,Не определено
"Литературный институт им. А.М. Горького, г. Москва",81.3,-1,84,77,0,2,5,Да,Литературный институт им. А.М. Горького, Москва
Магнитогорский государственный технический университет им. Г.И. Носова,57.2,0.2,1179,1092,0,51,36,Нет,Магнитогорский государственный технический университет им. Г.И. Носова,Не определено
"Марийский государственный университет, г. Йошкар-Ола",62.1,-2.5,774,694,0,33,47,Да,Марийский государственный университет, Йошкар-Ола
"Международный университет природы, общества и человека ""Дубна""",63.3,2.2,508,372,1,11,124,Нет,"Международный университет природы, общества и человека ""Дубна""",Не определено
Мичуринский государственный аграрный университет,56.7,6.9,367,257,0,37,73,Да,Мичуринский государственный аграрный университет,Не определено
"Мордовский государственный педагогический институт им. М.Е. Евсевьева, г. Саранск",62.1,-1.7,390,272,0,21,97,Нет,Мордовский государственный педагогический институт им. М.Е. Евсевьева, Саранск
"Морской государственный университет им. адмирала Г.И. Невельского, г. Владивосток",55.6,0.7,573,541,0,16,16,Нет,Морской государственный университет им. адмирала Г.И. Невельского, Владивосток
Московская государственная академия ветеринарной медицины и биотехнологии им. К.И. Скрябина,74.7,1,273,190,0,19,64,Нет,Московская государственная академия ветеринарной медицины и биотехнологии им. К.И. Скрябина,Не определено
Московская государственная академия водного транспорта,53.3,1.7,248,244,0,4,0,Нет,Московская государственная академия водного транспорта,Не определено
Московский авиационный институт (национальный исследовательский университет),72.8,6.4,2648,1764,11,44,829,Да,Московский авиационный институт (национальный исследовательский университет),Не определено
Московский автомобильно-дорожный государственный технический университет (МАДИ),61.5,1.9,926,877,0,21,28,Да,Московский автомобильно-дорожный государственный технический университет (МАДИ),Не определено
Московский архитектурный институт (государственная академия),76.9,1.8,159,153,0,4,2,Да,Московский архитектурный институт (государственная академия),Не определено
Московский городской педагогический университет,79.0,1,1036,966,18,52,0,Да,Московский городской педагогический университет,Не определено
Московский городской психолого-педагогический университет,68.7,0.8,550,519,0,31,0,Нет,Московский городской психолого-педагогический университет,Не определено
Московский городской университет управления Правительства Москвы,,,0,0,0,0,0,Нет,Московский городской университет управления Правительства Москвы,Не определено
Московский государственный гуманитарно-экономический университет,77.0,2.2,125,32,0,93,0,Нет,Московский государственный гуманитарно-экономический университет,Не определено
Московский государственный институт индустрии туризма им. Ю.А. Сенкевича,69.8,-0.5,152,148,0,4,0,Да,Московский государственный институт индустрии туризма им. Ю.А. Сенкевича,Не определено
Московский государственный институт международных отношений,95.6,0.2,454,314,126,14,0,Да,Московский государственный институт международных отношений,Не определено
Московский государственный лингвистический университет,87.0,2.3,547,412,30,40,65,Да,Московский государственный лингвистический университет,Не определено
Московский государственный медико-стоматологический университет,75.4,0.6,620,170,0,61,389,Да,Московский государственный медико-стоматологический университет,Не определено
Московский государственный областной университет,70.2,1.7,970,690,7,55,218,Да,Московский государственный областной университет,Не определено
Московский государственный технический университет гражданской авиации,65.0,1.1,426,331,0,7,88,Да,Московский государственный технический университет гражданской авиации,Не определено
Московский государственный технический университет им. Н.Э. Баумана,78.9,1.9,3154,1754,79,136,1185,Да,Московский государственный технический университет им. Н.Э. Баумана,Не определено
"Московский государственный технологический университет ""Станкин""",66.0,0.1,660,583,1,6,70,Да,"Московский государственный технологический университет ""Станкин""",Не определено
Московский государственный университет геодезии и картографии,69.1,3.4,443,410,1,9,23,Да,Московский государственный университет геодезии и картографии,Не определено
Московский государственный университет им. М.В. Ломоносова,88.5,0.7,3727,3044,422,165,96,Да,Московский государственный университет им. М.В. Ломоносова,Не определено
Московский государственный университет пищевых производств,61.6,,535,510,0,19,6,Да,Московский государственный университет пищевых производств,Не определено
Московский государственный университет путей сообщения,60.6,0.4,1371,769,1,38,563,Да,Московский государственный университет путей сообщения,Не определено
Московский государственный университет технологий и управления им. К.Г. Разумовского (Первый казачий университет),70.1,-2.9,292,226,0,15,51,Да,Московский государственный университет технологий и управления им. К.Г. Разумовского (Первый казачий университет),Не определено
Московский государственный юридический университет им. О.Е. Кутафина,85.1,1.6,690,465,1,70,154,Да,Московский государственный юридический университет им. О.Е. Кутафина,Не определено
Московский педагогический государственный университет,76.7,1.8,1318,1202,0,116,0,Да,Московский педагогический государственный университет,Не определено
Московский политехнический университет,73.8,3,1224,1158,8,35,23,Нет,Московский политехнический университет,Не определено
Московский технический университет связи и информатики,69.8,3.1,566,541,0,22,3,Да,Московский технический университет связи и информатики,Не определено
Московский технологический университет,71.5,1.8,2388,2071,0,75,242,Да,Московский технологический университет,Не определено
Московский физико-технический институт,94.1,0.3,860,631,138,11,80,Да,Московский физико-технический институт,Не определено
Мурманский арктический государственный университет,65.5,-0.6,321,271,0,20,30,Да,Мурманский арктический государственный университет,Не определено
Мурманский государственный технический университет,62.1,0.2,358,348,0,5,5,Нет,Мурманский государственный технический университет,Не определено
Мытищинский филиал МГТУ им. Н. Э. Баумана (МГУЛ),54.8,2.5,506,414,0,3,89,Да,Мытищинский филиал МГТУ им. Н. Э. Баумана (МГУЛ),Не определено
Набережночелнинский государственный педагогический университет,71.5,2.4,187,160,0,10,17,Нет,Набережночелнинский государственный педагогический университет,Не определено
"Национальный исследовательский Мордовский государственный университет им. Н.П. Огарева, г. Саранск",64.5,2.3,1204,996,7,62,139,Нет,Национальный исследовательский Мордовский государственный университет им. Н.П. Огарева, Саранск
Национальный исследовательский Московский государственный строительный университет,71.6,0,1140,1032,2,26,80,Да,Национальный исследовательский Московский государственный строительный университет,Не определено
Национальный исследовательский Томский государственный университет,76.1,3.3,1499,1271,68,38,122,Да,Национальный исследовательский Томский государственный университет,Не определено
Национальный исследовательский Томский политехнический университет,77.2,0.2,1216,1072,39,16,89,Да,Национальный исследовательский Томский политехнический университет,Не определено
"Национальный исследовательский Южно-Уральский государственный университет, г. Челябинск",67.5,1.3,1827,1665,13,60,89,Нет,Национальный исследовательский Южно-Уральский государственный университет, Челябинск
"Национальный исследовательский технологический университет ""МИСиС"", г. Москва",82.7,1.9,633,587,30,9,7,Да,"Национальный исследовательский технологический университет ""МИСиС""", Москва
"Национальный исследовательский университет ""Высшая школа экономики"", г. Москва",93.9,1.7,1949,916,879,108,46,Да,"Национальный исследовательский университет ""Высшая школа экономики""", Москва
"Национальный исследовательский университет ""Высшая школа экономики"", филиал, г. Нижний Новгород",82.1,0.6,345,324,16,2,3,Да,"Национальный исследовательский университет ""Высшая школа экономики"", филиал", Нижний Новгород
"Национальный исследовательский университет ""Высшая школа экономики"", филиал, г. Пермь",83.0,1.4,185,184,0,1,0,Да,"Национальный исследовательский университет ""Высшая школа экономики"", филиал", Пермь
"Национальный исследовательский университет ""Высшая школа экономики"", филиал, г. Санкт-Петербург",88.8,1.7,475,394,60,21,0,Да,"Национальный исследовательский университет ""Высшая школа экономики"", филиал", Санкт-Петербург
"Национальный исследовательский университет ""Московский энергетический институт""",71.9,3.5,1461,1309,12,18,122,Да,"Национальный исследовательский университет ""Московский энергетический институт""",Не определено
Национальный исследовательский университет «МИЭТ» (Московский государственный институт электронной техники),73.6,0.1,646,610,2,9,25,Да,Национальный исследовательский университет «МИЭТ» (Московский государственный институт электронной техники),Не определено
"Национальный исследовательский ядерный университет ""МИФИ"", г. Москва",88.4,0.6,513,425,1,8,79,Да,"Национальный исследовательский ядерный университет ""МИФИ""", Москва
Невинномысский государственный гуманитарно-технический институт,57.0,2.4,100,78,0,8,14,Нет,Невинномысский государственный гуманитарно-технический институт,Не определено
Нижегородская государственная медицинская академия,76.3,-0.4,395,70,1,27,297,Да,Нижегородская государственная медицинская академия,Не определено
Нижегородская государственная сельскохозяйственная академия,56.2,1.5,420,392,0,17,11,Нет,Нижегородская государственная сельскохозяйственная академия,Не определено
Нижегородский государственный архитектурно-строительный университет,69.4,1.2,579,558,0,20,1,Нет,Нижегородский государственный архитектурно-строительный университет,Не определено
"Нижегородский государственный инженерно-экономический институт, г. Княгинино",54.4,7.7,200,165,0,30,5,Да,Нижегородский государственный инженерно-экономический институт, Княгинино
Нижегородский государственный лингвистический университет им. Н.А. Добролюбова,87.3,4,100,93,0,5,2,Да,Нижегородский государственный лингвистический университет им. Н.А. Добролюбова,Не определено
Нижегородский государственный педагогический университет им. Козьмы Минина,71.3,1,569,479,0,38,52,Нет,Нижегородский государственный педагогический университет им. Козьмы Минина,Не определено
Нижегородский государственный технический университет им. Р.Е. Алексеева,64.9,0.5,992,762,3,20,207,Да,Нижегородский государственный технический университет им. Р.Е. Алексеева,Не определено
Нижегородский государственный университет им. Н.И. Лобачевского,73.5,0,1201,1015,31,51,104,Да,Нижегородский государственный университет им. Н.И. Лобачевского,Не определено
Нижегородский институт управления - филиал РАНХиГС,76.1,2.4,101,83,0,11,7,Да,Нижегородский институт управления - филиал РАНХиГС,Не определено
Нижневартовский государственный университет,56.8,-3.8,463,433,0,30,0,Нет,Нижневартовский государственный университет,Не определено
Нижнетагильский государственный социально-педагогический институт,70.7,2.5,185,158,0,12,15,Нет,Нижнетагильский государственный социально-педагогический институт,Не определено
Новгородский государственный университет им. Ярослава Мудрого,65.4,0.6,759,637,0,41,81,Да,Новгородский государственный университет им. Ярослава Мудрого,Не определено
Новосибирская государственная архитектурно-художественная академия,76.2,1.8,118,102,1,4,11,Нет,Новосибирская государственная архитектурно-художественная академия,Не определено
Новосибирский государственный аграрный университет,58.0,1.5,642,587,0,28,27,Нет,Новосибирский государственный аграрный университет,Не определено
Новосибирский государственный архитектурно-строительный университет,64.3,0,556,496,0,17,43,Нет,Новосибирский государственный архитектурно-строительный университет,Не определено
Новосибирский государственный медицинский университет,76.4,2.1,440,216,0,14,210,Да,Новосибирский государственный медицинский университет,Не определено
Новосибирский государственный педагогический университет,69.6,1.8,687,513,0,59,115,Да,Новосибирский государственный педагогический университет,Не определено
Новосибирский государственный технический университет,72.3,0.5,1509,1340,4,36,129,Нет,Новосибирский государственный технический университет,Не определено
Новосибирский государственный университет экономики и управления,73.7,-2,106,91,1,9,5,Нет,Новосибирский государственный университет экономики и управления,Не определено
Новосибирский национальный исследовательский государственный университет,84.6,1.9,962,849,66,45,2,Да,Новосибирский национальный исследовательский государственный университет,Не определено
Норильский государственный индустриальный институт,51.8,-3.6,176,171,0,5,0,Нет,Норильский государственный индустриальный институт,Не определено
Омский государственный аграрный университет,52.5,2,656,591,0,59,6,Нет,Омский государственный аграрный университет,Не определено
Омский государственный медицинский университет,67.8,-3.6,388,159,0,16,213,Да,Омский государственный медицинский университет,Не определено
Омский государственный педагогический университет,64.8,0.2,535,416,0,45,74,Нет,Омский государственный педагогический университет,Не определено
Омский государственный технический университет,61.8,-1,1585,1153,1,38,393,Нет,Омский государственный технический университет,Не определено
Омский государственный университет им. Ф.М. Достоевского,66.7,-0.1,615,558,5,31,21,Да,Омский государственный университет им. Ф.М. Достоевского,Не определено
Омский государственный университет путей сообщения,56.2,0.5,619,335,0,5,279,Нет,Омский государственный университет путей сообщения,Не определено
Оренбургский государственный аграрный университет,51.6,,328,262,0,15,51,Нет,Оренбургский государственный аграрный университет,Не определено
Оренбургский государственный медицинский университет,75.1,1.2,430,153,0,28,249,Да,Оренбургский государственный медицинский университет,Не определено
Оренбургский государственный педагогический университет,69.0,0,433,370,0,36,27,Нет,Оренбургский государственный педагогический университет,Не определено
Оренбургский государственный университет,66.1,-1.9,1218,1135,0,55,28,Нет,Оренбургский государственный университет,Не определено
Орловский государственный аграрный университет,56.8,-0.5,387,264,0,24,99,Нет,Орловский государственный аграрный университет,Не определено
Орловский государственный университет,66.4,-0.4,1202,1006,4,81,111,Нет,Орловский государственный университет,Не определено
Пензенский государственный аграрный университет,54.6,1.2,231,195,0,8,28,Да,Пензенский государственный аграрный университет,Не определено
Пензенский государственный технологический университет,62.2,4.3,299,283,0,4,12,Нет,Пензенский государственный технологический университет,Не определено
Пензенский государственный университет,67.9,1.4,1179,832,13,53,281,Да,Пензенский государственный университет,Не определено
Пензенский государственный университет архитектуры и строительства,62.0,0.4,545,448,14,9,74,Нет,Пензенский государственный университет архитектуры и строительства,Не определено
Первый Санкт-Петербургский государственный медицинский университет им. И.П. Павлова,80.9,-1.1,620,176,10,60,374,Да,Первый Санкт-Петербургский государственный медицинский университет им. И.П. Павлова,Не определено
Первый государственный московский медицинский университет им. И.М. Сеченова,83.7,1.2,1400,769,5,103,523,Да,Первый государственный московский медицинский университет им. И.М. Сеченова,Не определено
Пермская государственная сельскохозяйственная академия им. Д.Н. Прянишникова,56.9,2.9,648,576,0,25,47,Нет,Пермская государственная сельскохозяйственная академия им. Д.Н. Прянишникова,Не определено
Пермская государственная фармацевтическая академия,69.6,1,215,186,0,5,24,Да,Пермская государственная фармацевтическая академия,Не определено
Пермский государственный гуманитарно-педагогический университет,72.6,4.4,325,269,1,29,26,Да,Пермский государственный гуманитарно-педагогический университет,Не определено
Пермский государственный медицинский университет,72.8,1.8,450,205,0,4,241,Да,Пермский государственный медицинский университет,Не определено
Пермский государственный национальный исследовательский университет,72.8,0.8,1037,978,2,55,2,Нет,Пермский государственный национальный исследовательский университет,Не определено
Пермский национальный исследовательский политехнический университет,69.0,3.6,1300,1021,2,31,246,Да,Пермский национальный исследовательский политехнический университет,Не определено
Петербургский государственный университет путей сообщения,63.0,-0.1,849,489,0,24,336,Нет,Петербургский государственный университет путей сообщения,Не определено
Петрозаводский государственный университет,66.4,-1.4,1219,1094,0,24,97,Нет,Петрозаводский государственный университет,Не определено
"Поволжский государственный технологический университет, г. Йошкар-Ола",61.8,0.6,803,727,0,18,58,Нет,Поволжский государственный технологический университет, Йошкар-Ола
"Поволжский государственный университет сервиса, г. Тольятти",65.3,-0.4,58,51,0,7,0,Да,Поволжский государственный университет сервиса, Тольятти
"Поволжский государственный университет телекоммуникаций и информатики, г. Самара",60.9,-0.2,481,459,0,4,18,Нет,Поволжский государственный университет телекоммуникаций и информатики, Самара
"Поволжский институт управления - филиал РАНХиГС, г. Саратов",73.3,-0.2,130,103,0,14,13,Да,Поволжский институт управления - филиал РАНХиГС, Саратов
"Приамурский государственный университет имени Шолом-Алейхема, г. Биробиджан",60.8,4,182,151,0,17,14,Нет,Приамурский государственный университет имени Шолом-Алейхема, Биробиджан
"Приморская государственная сельскохозяйственная академия, г. Уссурийск",43.7,-2,255,234,0,20,1,Нет,Приморская государственная сельскохозяйственная академия, Уссурийск
Псковский государственный университет,64.3,-3.7,596,555,0,33,8,Нет,Псковский государственный университет,Не определено
Пятигорский государственный университет,75.5,2.1,328,305,1,13,9,Да,Пятигорский государственный университет,Не определено
Пятигорский медико-фармацевтический институт – филиал Волгоградского государственного медицинского университета,67.5,,275,242,0,13,20,Да,Пятигорский медико-фармацевтический институт – филиал Волгоградского государственного медицинского университета,Не определено
"Российская академия народного хозяйства и государственной службы при Президенте РФ, г. Москва",86.9,1.1,600,395,104,56,45,Да,Российская академия народного хозяйства и государственной службы при Президенте РФ, Москва
"Российская государственная академия интеллектуальной собственности, г. Москва",75.5,1.2,39,35,0,4,0,Нет,Российская государственная академия интеллектуальной собственности, Москва
"Российская таможенная академия, г. Люберцы",83.7,0.6,311,236,0,26,49,Нет,Российская таможенная академия, Люберцы
"Российский государственный аграрный университет — МСХА им. К.А. Тимирязева, г. Москва",62.1,0.3,1692,1563,1,59,69,Нет,Российский государственный аграрный университет — МСХА им. К.А. Тимирязева, Москва
"Российский государственный геологоразведочный университет им. Серго Орджоникидзе, г. Москва",62.2,-3.6,473,454,0,11,8,Да,Российский государственный геологоразведочный университет им. Серго Орджоникидзе, Москва
"Российский государственный гидрометеорологический университет, г. Санкт-Петербург",63.0,-3.7,425,390,0,10,25,Нет,Российский государственный гидрометеорологический университет, Санкт-Петербург
"Российский государственный гуманитарный университет, г. Москва",81.9,1.3,586,534,5,47,0,Да,Российский государственный гуманитарный университет, Москва
"Российский государственный педагогический университет им. А.И. Герцена, г. Санкт-Петербург",73.7,0,1071,785,23,83,180,Да,Российский государственный педагогический университет им. А.И. Герцена, Санкт-Петербург
"Российский государственный профессионально-педагогический университет, г. Екатеринбург",71.2,3.7,332,283,0,25,24,Нет,Российский государственный профессионально-педагогический университет, Екатеринбург
"Российский государственный социальный университет, г . Москва",69.9,2.5,459,411,0,39,9,Да,"Российский государственный социальный университет, г . Москва",Не определено
"Российский государственный университет им. А.Н. Косыгина (Технологии. Дизайн. Искусство), г. Москва",67.0,4,1120,1073,0,37,10,Да,Российский государственный университет им. А.Н. Косыгина (Технологии. Дизайн. Искусство), Москва
"Российский государственный университет нефти и газа им. И.М. Губкина, г. Москва",79.9,3.5,891,538,30,34,289,Да,Российский государственный университет нефти и газа им. И.М. Губкина, Москва
"Российский государственный университет правосудия, г. Москва",82.8,-1,104,74,1,9,20,Да,Российский государственный университет правосудия, Москва
"Российский государственный университет туризма и сервиса, г. Черкизово",75.7,3.8,129,121,0,8,0,Нет,Российский государственный университет туризма и сервиса, Черкизово
"Российский национальный исследовательский медицинский университет им. Н.И. Пирогова, г. Москва",82.3,0.6,1212,555,57,71,529,Да,Российский национальный исследовательский медицинский университет им. Н.И. Пирогова, Москва
"Российский университет дружбы народов, г. Москва",78.8,2.2,873,760,50,53,10,Да,Российский университет дружбы народов, Москва
"Российский химико-технологический университет им. Д.И. Менделеева, г.Москва",76.3,-0.4,984,900,44,15,25,Да,Российский химико-технологический университет им. Д.И. Менделеева,Москва
"Российский экономический университет им. Г.В. Плеханова, г. Москва",85.8,3.2,730,611,27,48,44,Да,Российский экономический университет им. Г.В. Плеханова, Москва
Ростовский государственный медицинский университет,74.9,-0.7,705,259,0,61,385,Да,Ростовский государственный медицинский университет,Не определено
Ростовский государственный университет путей сообщения,60.1,0.5,666,313,0,14,339,Нет,Ростовский государственный университет путей сообщения,Не определено
"Ростовский государственный экономический университет ""РИНХ""",67.8,-1.7,249,231,0,13,5,Да,"Ростовский государственный экономический университет ""РИНХ""",Не определено
Рыбинский государственный авиационный технический университет им. П.А. Соловьева,54.1,2.1,332,314,0,5,13,Да,Рыбинский государственный авиационный технический университет им. П.А. Соловьева,Не определено
Рязанский государственный агротехнологический университет им. П.А. Костычева,55.0,0.3,409,376,0,9,24,Да,Рязанский государственный агротехнологический университет им. П.А. Костычева,Не определено
Рязанский государственный медицинский университет им. И.П. Павлова,74.5,0.7,435,110,0,24,301,Да,Рязанский государственный медицинский университет им. И.П. Павлова,Не определено
Рязанский государственный радиотехнический университет,62.2,-2,626,277,0,17,332,Нет,Рязанский государственный радиотехнический университет,Не определено
Рязанский государственный университет им. С.А. Есенина,69.1,-0.6,468,370,0,25,73,Да,Рязанский государственный университет им. С.А. Есенина,Не определено
Самарская государственная областная академия (Наяновой),70.6,5.2,55,52,0,3,0,Да,Самарская государственная областная академия (Наяновой),Не определено
Самарская государственная сельскохозяйственная академия,50.5,-0.4,278,228,0,12,38,Нет,Самарская государственная сельскохозяйственная академия,Не определено
Самарский государственный медицинский университет,73.8,-1.4,688,279,0,28,381,Да,Самарский государственный медицинский университет,Не определено
Самарский государственный социально-педагогический университет,71.8,0.2,434,302,1,37,94,Нет,Самарский государственный социально-педагогический университет,Не определено
Самарский государственный технический университет,65.1,-0.5,1739,1618,7,21,93,Нет,Самарский государственный технический университет,Не определено
Самарский государственный университет путей сообщения,53.5,-1.3,711,363,0,16,332,Да,Самарский государственный университет путей сообщения,Не определено
Самарский государственный экономический университет,81.1,1.7,211,187,1,23,0,Нет,Самарский государственный экономический университет,Не определено
Самарский национальный исследовательский университет им. академика С.П. Королева,73.0,0.6,1575,1376,15,31,153,Да,Самарский национальный исследовательский университет им. академика С.П. Королева,Не определено
Санкт-Петербургская государственная академия ветеринарной медицины,71.9,-0.3,380,327,0,18,35,Нет,Санкт-Петербургская государственная академия ветеринарной медицины,Не определено
Санкт-Петербургская государственная химико-фармацевтическая академия,79.7,1.8,290,208,6,8,68,Да,Санкт-Петербургская государственная химико-фармацевтическая академия,Не определено
Санкт-Петербургский горный университет,75.3,-0.2,1522,1350,27,25,120,Да,Санкт-Петербургский горный университет,Не определено
Санкт-Петербургский государственный аграрный университет,59.2,1.2,323,285,0,11,27,Нет,Санкт-Петербургский государственный аграрный университет,Не определено
Санкт-Петербургский государственный архитектурно-строительный университет,74.5,-1.4,896,839,0,27,30,Да,Санкт-Петербургский государственный архитектурно-строительный университет,Не определено
Санкт-Петербургский государственный институт психологии и социальной работы,72.8,2,30,27,0,3,0,Да,Санкт-Петербургский государственный институт психологии и социальной работы,Не определено
Санкт-Петербургский государственный лесотехнический университет им. С.М. Кирова,63.8,1.3,538,503,0,15,20,Нет,Санкт-Петербургский государственный лесотехнический университет им. С.М. Кирова,Не определено
Санкт-Петербургский государственный морской технический университет,61.4,3.3,799,594,0,16,189,Нет,Санкт-Петербургский государственный морской технический университет,Не определено
Санкт-Петербургский государственный педиатрический медицинский университет,81.3,-0.1,455,215,16,17,207,Да,Санкт-Петербургский государственный педиатрический медицинский университет,Не определено
Санкт-Петербургский государственный технологический институт (технический университет),71.0,-0.3,575,542,0,8,25,Нет,Санкт-Петербургский государственный технологический институт (технический университет),Не определено
Санкт-Петербургский государственный университет,90.7,0.7,1927,1497,335,90,5,Да,Санкт-Петербургский государственный университет,Не определено
Санкт-Петербургский государственный университет аэрокосмического приборостроения,70.4,4.8,1126,605,2,10,509,Нет,Санкт-Петербургский государственный университет аэрокосмического приборостроения,Не определено
Санкт-Петербургский государственный университет гражданской авиации,67.8,1.5,440,260,1,8,171,Нет,Санкт-Петербургский государственный университет гражданской авиации,Не определено
Санкт-Петербургский государственный университет промышленных технологий и дизайна,74.8,0.2,975,753,196,24,2,Да,Санкт-Петербургский государственный университет промышленных технологий и дизайна,Не определено
Санкт-Петербургский государственный университет телекоммуникаций им. М.А. Бонч-Бруевича,72.1,2.7,747,683,0,18,46,Нет,Санкт-Петербургский государственный университет телекоммуникаций им. М.А. Бонч-Бруевича,Не определено
Санкт-Петербургский государственный экономический университет,81.3,2.6,649,568,14,50,17,Нет,Санкт-Петербургский государственный экономический университет,Не определено
Санкт-Петербургский государственный электротехнический университет “ЛЭТИ”,79.7,2.2,1389,1176,21,19,173,Да,Санкт-Петербургский государственный электротехнический университет “ЛЭТИ”,Не определено
Санкт-Петербургский национальный исследовательский Академический университет РАН,96.4,2.9,60,25,33,2,0,Да,Санкт-Петербургский национальный исследовательский Академический университет РАН,Не определено
Санкт-Петербургский политехнический университет Петра Великого,78.3,1.3,2723,2366,58,95,204,Да,Санкт-Петербургский политехнический университет Петра Великого,Не определено
Саратовская государственная юридическая академия,79.1,-20.9,544,377,1,0,166,Нет,Саратовская государственная юридическая академия,Не определено
Саратовский государственный аграрный университет им. Н.И. Вавилова,53.2,2.2,725,399,0,66,260,Нет,Саратовский государственный аграрный университет им. Н.И. Вавилова,Не определено
Саратовский государственный медицинский университет,74.6,-0.2,620,296,0,41,283,Да,Саратовский государственный медицинский университет,Не определено
Саратовский государственный технический университет,63.9,1.3,882,784,2,12,84,Нет,Саратовский государственный технический университет,Не определено
Саратовский национальный исследовательский государственный университет им. Н. Г. Чернышевского,66.1,0.8,1481,1377,0,65,39,Да,Саратовский национальный исследовательский государственный университет им. Н. Г. Чернышевского,Не определено
Саратовский социально-экономический институт (филиал) РЭУ имени Г.В. Плеханова,74.4,0.5,185,169,0,5,11,Нет,Саратовский социально-экономический институт (филиал) РЭУ имени Г.В. Плеханова,Не определено
"Сахалинский государственный университет, г. Южно-Сахалинск",58.1,0.4,325,293,0,24,8,Нет,Сахалинский государственный университет, Южно-Сахалинск
Севастопольский государственный университет,62.6,,1457,1400,1,42,14,Да,Севастопольский государственный университет,Не определено
Северный (Арктический) федеральный университет им. М.В. Ломоносова,64.2,1.7,1359,1208,0,58,93,Нет,Северный (Арктический) федеральный университет им. М.В. Ломоносова,Не определено
"Северный государственный медицинский университет, г. Архангельск",72.9,0.3,378,104,0,17,257,Да,"Северный государственный медицинский университет, г. Архангельск",Не определено
"Северо-Восточный государственный университет, г. Магадан",55.7,-2.4,245,226,0,12,7,Нет,Северо-Восточный государственный университет, Магадан
Северо-Восточный федеральный университет им. М.К. Аммосова,62.5,-0.1,1727,1273,8,92,354,Да,Северо-Восточный федеральный университет им. М.К. Аммосова,Не определено
"Северо-Западный государственный медицинский университет им. И.И.Мечникова, г. Санкт-Петербург",78.4,-2.1,500,138,0,30,332,Да,Северо-Западный государственный медицинский университет им. И.И.Мечникова, Санкт-Петербург
"Северо-Западный институт управления - филиал РАНХиГС, г. Санкт-Петербург",82.1,2.3,209,166,8,23,12,Да,Северо-Западный институт управления - филиал РАНХиГС, Санкт-Петербург
"Северо-Кавказская государственная гуманитарно-технологическая академия, г. Черкесск",64.3,4.9,321,302,0,19,0,Нет,Северо-Кавказская государственная гуманитарно-технологическая академия, Черкесск
"Северо-Кавказский горно-металлургический институт (государственный технологический университет) , г. Владикавказ",51.2,-0.7,572,534,0,15,23,Да,Северо-Кавказский горно-металлургический институт (государственный технологический университет) , Владикавказ
Северо-Кавказский федеральный университет,66.7,0.5,1379,1091,0,85,203,Да,Северо-Кавказский федеральный университет,Не определено
"Северо-Осетинская государственная медицинская академия, г. Владикавказ",68.4,-0.2,326,135,0,30,161,Да,Северо-Осетинская государственная медицинская академия, Владикавказ
"Северо-Осетинский государственный педагогический институт, г. Владикавказ",53.8,0.8,148,135,0,3,10,Нет,Северо-Осетинский государственный педагогический институт, Владикавказ
"Северо-Осетинский государственный университет им. К.Л. Хетагурова, г. Владикавказ",61.5,-0.2,506,456,0,40,10,Нет,Северо-Осетинский государственный университет им. К.Л. Хетагурова, Владикавказ
"Сибирская государственная автомобильно-дорожная академия, г. Омск",55.2,-2.1,470,442,0,24,4,Нет,Сибирская государственная автомобильно-дорожная академия, Омск
"Сибирский государственный индустриальный университет, г. Новокузнецк",58.3,-2.2,620,570,0,47,3,Нет,Сибирский государственный индустриальный университет, Новокузнецк
"Сибирский государственный медицинский университет,  г. Томск",74.4,-2,783,413,23,33,314,Да,"Сибирский государственный медицинский университет,  г. Томск",Не определено
Сибирский государственный университет водного транспорта,53.6,0.6,577,530,0,9,38,Да,Сибирский государственный университет водного транспорта,Не определено
"Сибирский государственный университет геосистем и технологий, г. Новосибирск",67.1,0.5,383,331,0,22,30,Нет,Сибирский государственный университет геосистем и технологий, Новосибирск
"Сибирский государственный университет науки и технологий им. М.Ф. Решетнева, г. Красноярск",57.7,-2.9,1596,1382,2,72,140,Да,Сибирский государственный университет науки и технологий им. М.Ф. Решетнева, Красноярск
"Сибирский государственный университет путей сообщения, г. Новосибирск",64.6,1.2,484,244,0,14,226,Да,Сибирский государственный университет путей сообщения, Новосибирск
"Сибирский государственный университет телекоммуникаций и информатики, г. Новосибирск",67.7,0.9,515,360,1,7,147,Да,Сибирский государственный университет телекоммуникаций и информатики, Новосибирск
"Сибирский институт управления - филиал РАНХиГС, г. Новосибирск",77.6,-0.4,77,60,0,9,8,Да,Сибирский институт управления - филиал РАНХиГС, Новосибирск
Сибирский федеральный университет,65.8,-0.8,3326,3041,11,154,120,Да,Сибирский федеральный университет,Не определено
Смоленская государственная сельскохозяйственная академия,54.9,1.9,115,90,0,10,15,Нет,Смоленская государственная сельскохозяйственная академия,Не определено
Смоленский государственный медицинский университет,74.2,-0.4,409,193,0,14,202,Да,Смоленский государственный медицинский университет,Не определено
Смоленский государственный университет,69.7,0.5,465,425,1,26,13,Нет,Смоленский государственный университет,Не определено
Сочинский государственный университет,65.4,1.1,311,275,0,18,18,Нет,Сочинский государственный университет,Не определено
"Среднерусский институт управления - филиал РАНХиГС, г. Орел",69.8,0.8,105,99,0,0,6,Да,Среднерусский институт управления - филиал РАНХиГС, Орел
Ставропольский государственный аграрный университет,59.9,2.9,518,402,0,35,81,Да,Ставропольский государственный аграрный университет,Не определено
Ставропольский государственный медицинский университет,71.2,2.3,422,102,0,30,290,Да,Ставропольский государственный медицинский университет,Не определено
Ставропольский государственный педагогический институт,68.7,0.8,301,205,0,13,83,Нет,Ставропольский государственный педагогический институт,Не определено
Сургутский государственный педагогический университет,60.6,-1.1,436,316,0,13,107,Нет,Сургутский государственный педагогический университет,Не определено
Сургутский государственный университет Ханты-Мансийского автономного округа — Югры,64.9,2.2,734,651,0,36,47,Нет,Сургутский государственный университет Ханты-Мансийского автономного округа — Югры,Не определено
Сыктывкарский государственный университет,64.9,0.1,734,590,0,50,94,Нет,Сыктывкарский государственный университет,Не определено
Тамбовский государственный технический университет,57.8,-1.2,430,353,0,13,64,Нет,Тамбовский государственный технический университет,Не определено
Тамбовский государственный университет им. Г.Р. Державина,66.3,2.8,529,425,0,49,55,Нет,Тамбовский государственный университет им. Г.Р. Державина,Не определено
Тверская государственная сельскохозяйственная академия,48.8,2.3,115,106,0,8,1,Нет,Тверская государственная сельскохозяйственная академия,Не определено
Тверской государственный медицинский университет,78.0,0,336,160,0,6,170,Да,Тверской государственный медицинский университет,Не определено
Тверской государственный технический университет,59.2,0.1,484,451,0,22,11,Нет,Тверской государственный технический университет,Не определено
Тверской государственный университет,67.0,2.5,791,710,1,44,36,Нет,Тверской государственный университет,Не определено
"Технологический университет, г. Королев",66.2,0,198,171,0,10,17,Нет,Технологический университет, Королев
"Тихоокеанский государственный медицинский университет, г. Владивосток",65.1,1,500,267,0,15,218,Нет,Тихоокеанский государственный медицинский университет, Владивосток
"Тихоокеанский государственный университет, г. Хабаровск",62.1,1.7,906,812,0,62,32,Да,Тихоокеанский государственный университет, Хабаровск
Тольяттинский государственный университет,60.1,0.1,642,612,1,29,0,Нет,Тольяттинский государственный университет,Не определено
Томский государственный архитектурно-строительный университет,69.4,1.3,507,432,1,58,16,Нет,Томский государственный архитектурно-строительный университет,Не определено
Томский государственный педагогический университет,70.9,2.9,393,290,0,34,69,Нет,Томский государственный педагогический университет,Не определено
Томский государственный университет систем управления и радиоэлектроники,69.7,2,742,661,0,10,71,Да,Томский государственный университет систем управления и радиоэлектроники,Не определено
Тульский государственный педагогический университет им. Л.Н. Толстого,67.8,2.3,554,407,5,38,104,Нет,Тульский государственный педагогический университет им. Л.Н. Толстого,Не определено
Тульский государственный университет,64.8,0.7,1368,935,3,60,370,Да,Тульский государственный университет,Не определено
Тюменский государственный институт культуры,70.0,-2.1,90,84,0,3,3,Нет,Тюменский государственный институт культуры,Не определено
Тюменский государственный медицинский университет,75.9,1.5,459,151,1,20,287,Да,Тюменский государственный медицинский университет,Не определено
Тюменский государственный университет,74.3,-0.1,828,772,4,42,10,Да,Тюменский государственный университет,Не определено
Тюменский индустриальный университет,66.3,0.9,1589,1514,0,42,33,Нет,Тюменский индустриальный университет,Не определено
"Удмуртский государственный университет, г. Ижевск",66.1,0.6,1026,917,6,54,49,Да,Удмуртский государственный университет, Ижевск
Ульяновская государственная сельскохозяйственная академия,47.3,0.3,278,252,0,16,10,Да,Ульяновская государственная сельскохозяйственная академия,Не определено
Ульяновский государственный педагогический университет им. И.Н. Ульянова,68.2,0.9,536,416,0,33,87,Да,Ульяновский государственный педагогический университет им. И.Н. Ульянова,Не определено
Ульяновский государственный технический университет,64.4,-0.2,490,393,0,0,97,Да,Ульяновский государственный технический университет,Не определено
Ульяновский государственный университет,64.9,0.2,640,483,0,38,119,Нет,Ульяновский государственный университет,Не определено
Ульяновское высшее авиационное училище гражданской авиации,70.1,-0.1,427,263,0,9,155,Да,Ульяновское высшее авиационное училище гражданской авиации,Не определено
"Университет ИТМО, г. Санкт-Петербург",90.3,3.4,1229,801,384,19,25,Да,Университет ИТМО, Санкт-Петербург
"Уральская государственная архитектурно-художественная академия, г. Екатеринбург",79.0,-1.6,236,210,0,13,13,Нет,Уральская государственная архитектурно-художественная академия, Екатеринбург
"Уральский государственный аграрный университет, г. Екатеринбург",61.4,5.5,336,305,0,11,20,Нет,Уральский государственный аграрный университет, Екатеринбург
"Уральский государственный горный университет, г. Екатеринбург",59.1,-0.1,595,559,0,17,19,Да,Уральский государственный горный университет, Екатеринбург
"Уральский государственный лесотехнический университет, г. Екатеринбург",56.0,1,505,492,0,11,2,Нет,Уральский государственный лесотехнический университет, Екатеринбург
"Уральский государственный медицинский университет, г. Екатеринбург",78.1,1,500,223,0,21,256,Да,"Уральский государственный медицинский университет, г. Екатеринбург",Не определено
"Уральский государственный педагогический университет, г. Екатеринбург",71.2,1,493,384,1,41,67,Нет,Уральский государственный педагогический университет, Екатеринбург
"Уральский государственный университет путей сообщения, г. Екатеринбург",59.5,-3.2,656,310,0,10,336,Нет,Уральский государственный университет путей сообщения, Екатеринбург
"Уральский государственный экономический университет, г. Екатеринбург",71.1,-3,213,189,0,19,5,Нет,Уральский государственный экономический университет, Екатеринбург
"Уральский государственный юридический университет, г. Екатеринбург",80.3,4.8,400,192,4,41,163,Нет,Уральский государственный юридический университет, Екатеринбург
"Уральский институт управления - филиал РАНХиГС, г. Екатеринбург",77.2,-1.6,70,59,0,7,4,Да,Уральский институт управления - филиал РАНХиГС, Екатеринбург
Уральский федеральный университет им. Б.Н. Ельцина,73.0,1.7,3019,2658,33,76,252,Да,Уральский федеральный университет им. Б.Н. Ельцина,Не определено
Уфимский государственный авиационный технический университет,66.9,0.6,1289,812,7,19,451,Да,Уфимский государственный авиационный технический университет,Не определено
Уфимский государственный нефтяной технический университет,76.0,2.9,1066,943,11,40,72,Нет,Уфимский государственный нефтяной технический университет,Не определено
Ухтинский государственный технический университет,59.1,2.7,535,464,0,38,33,Нет,Ухтинский государственный технический университет,Не определено
"Финансовый университет при Правительстве РФ, г. Москва",83.9,1.5,1191,902,98,104,87,Да,Финансовый университет при Правительстве РФ, Москва
Хабаровская государственная академия экономики и права,69.8,-0.8,115,105,0,10,0,Нет,Хабаровская государственная академия экономики и права,Не определено
"Хакасский государственный университет им. Н.Ф. Катанова, г. Абакан",61.6,1.5,566,491,0,45,30,Нет,Хакасский государственный университет им. Н.Ф. Катанова, Абакан
Ханты-Мансийская государственная медицинская академия,69.3,0.2,101,47,0,4,50,Да,Ханты-Мансийская государственная медицинская академия,Не определено
Челябинский государственный университет,69.6,1.9,569,522,6,37,4,Нет,Челябинский государственный университет,Не определено
Череповецкий государственный университет,61.6,0,473,426,0,15,32,Нет,Череповецкий государственный университет,Не определено
"Чеченский государственный педагогический институт, г. Грозный",60.2,3.7,706,447,0,60,199,Нет,Чеченский государственный педагогический институт, Грозный
"Чеченский государственный университет, г. Грозный",48.5,1.5,1773,1285,1,112,375,Да,Чеченский государственный университет, Грозный
Читинская государственная медицинская академия,65.0,-0.3,235,84,0,19,132,Да,Читинская государственная медицинская академия,Не определено
"Чувашская государственная сельскохозяйственная академия, г. Чебоксары",49.7,0.8,329,294,0,20,15,Нет,Чувашская государственная сельскохозяйственная академия, Чебоксары
"Чувашский государственный педагогический университет им. И.Я. Яковлева, г. Чебоксары",66.2,-3.7,404,339,0,17,48,Нет,Чувашский государственный педагогический университет им. И.Я. Яковлева, Чебоксары
"Чувашский государственный университет им. И.Н. Ульянова, г. Чебоксары",63.8,-4.9,916,862,0,30,24,Нет,Чувашский государственный университет им. И.Н. Ульянова, Чебоксары
Шадринский государственный педагогический институт,66.4,2.4,288,234,0,14,40,Нет,Шадринский государственный педагогический институт,Не определено
"Юго-Западный государственный университет, г. Курск",67.3,0.1,427,362,1,22,42,Да,Юго-Западный государственный университет, Курск
"Югорский государственный университет, г. Ханты-Мансийск",60.8,-0.8,585,547,0,15,23,Нет,Югорский государственный университет, Ханты-Мансийск
"Южно-Российский государственный политехнический университет им. М.И. Платова, г. Новочеркасск",55.5,-1.8,990,889,0,9,92,Да,Южно-Российский государственный политехнический университет им. М.И. Платова, Новочеркасск
"Южно-Российский институт управления - филиал РАНХиГС, г. Ростов-на-Дону",76.1,1.9,116,99,0,10,7,Да,Южно-Российский институт управления - филиал РАНХиГС, Ростов-на-Дону
"Южно-Уральский государственный аграрный университет, г. Троицк",56.1,3.4,409,374,0,22,13,Нет,Южно-Уральский государственный аграрный университет, Троицк
"Южно-Уральский государственный гуманитарно-педагогический университет (ЧГПУ), г. Челябинск",69.5,1.4,471,338,0,28,105,Нет,Южно-Уральский государственный гуманитарно-педагогический университет (ЧГПУ), Челябинск
"Южно-Уральский государственный медицинский университет, г. Челябинск",74.2,-1.3,445,146,0,31,268,Да,Южно-Уральский государственный медицинский университет, Челябинск
Южный федеральный университет,73.0,0.5,2053,1779,29,52,193,Да,Южный федеральный университет,Не определено
Якутская государственная сельскохозяйственная академия,60.3,7.6,312,279,0,23,10,Нет,Якутская государственная сельскохозяйственная академия,Не определено
Ярославская государственная медицинская академия,76.1,0,383,148,2,14,219,Да,Ярославская государственная медицинская академия,Не определено
Ярославская государственная сельскохозяйственная академия,52.6,0.5,215,199,0,6,10,Нет,Ярославская государственная сельскохозяйственная академия,Не определено
Ярославский государственный педагогический университет им. К.Д. Ушинского,70.4,2.3,434,326,0,26,82,Нет,Ярославский государственный педагогический университет им. К.Д. Ушинского,Не определено
Ярославский государственный технический университет,63.4,-0.3,641,618,0,8,15,Нет,Ярославский государственный технический университет,Не определено
Ярославский государственный университет им. П.Г. Демидова,72.7,-0.3,640,572,2,37,29,Да,Ярославский государственный университет им. П.Г. Демидова,Не определено
