,university_name,university_status,university_city,university_ball
0,Московский государственный университет им. М.В. Ломоносова,национальный университет,Москва,"1764,66"
1,Санкт-Петербургский государственный университет,национальный университет,Санкт-Петербург,"727,35"
2,Национальный исследовательский университет “Высшая школа экономики”,"национальный исследовательский университет, глобальный университет (проект 5-100)",Москва,"402,55"
3,Московский государственный технический университет им. Н.Э. Баумана (национальный исследовательский университет),национальный исследовательский университет,Москва,381
4,Южный федеральный университет,федеральный университет,Ростов-на-Дону,"349,12"
5,Российский экономический университет им. Г.В. Плеханова,,Москва,"347,02"
6,Казанский (Приволжский) федеральный университет,"федеральный университет, глобальный университет (проект 5-100)",Казань,"341,01"
7,Санкт-Петербургский политехнический университет Петра Великого,"национальный исследовательский университет, глобальный университет (проект 5-100)",Санкт-Петербург,"340,67"
8,Российская академия народного хозяйства и государственной службы при Президенте РФ,"федеральный университет, глобальный университет (проект 5-100)",Москва,"320,68"
9,Уральский федеральный университет им. первого Президента России Б.Н. Ельцина,"федеральный университет, глобальный университет (проект 5-100)",Екатеринбург,"305,82"
10,Финансовый университет при Правительстве РФ,,Москва,"272,42"
11,Первый Московский государственный медицинский университет им. И.М. Сеченова,глобальный университет (проект 5-100),Москва,"271,6"
12,Ставропольский государственный аграрный университет,,Ставрополь,"266,74"
13,Национальный исследовательский Томский государственный университет,"национальный исследовательский университет, глобальный университет (проект 5-100)",Томск,"264,73"
14,Национальный исследовательский Томский политехнический университет,"национальный исследовательский университет, глобальный университет (проект 5-100)",Томск,"253,47"
15,Российский университет дружбы народов,глобальный университет (проект 5-100),Москва,"247,16"
16,Рязанский государственный радиотехнический университет,опорный университет,Рязань,"246,2"
17,Национальный исследовательский Нижегородский государственный университет им. Н.И. Лобачевского,"национальный исследовательский университет, глобальный университет (проект 5-100)",Нижний Новгород,"243,41"
18,Национальный исследовательский ядерный университет МИФИ,"национальный исследовательский университет, глобальный университет (проект 5-100)",Москва,"223,4"
19,Уфимский государственный нефтяной технический университет,опорный университет,Уфа,"217,02"
20,Сибирский федеральный университет,"федеральный университет, глобальный университет (проект 5-100)",Красноярск,"202,71"
21,Донской государственный технический университет,опорный университет,Ростов-на-Дону,"196,92"
22,Волгоградский государственный технический университет,опорный университет,Волгоград,"194,58"
23,Южно-Уральский государственный университет (национальный исследовательский университет),"национальный исследовательский университет, глобальный университет (проект 5-100)",Челябинск,"192,29"
24,Московский государственный строительный университет (национальный исследовательский университет),национальный исследовательский университет,Москва,"190,26"
25,Воронежский государственный университет,национальный исследовательский университет,Воронеж,"188,98"
26,Национальный исследовательский технологический университет “МИСиС”,"национальный исследовательский университет, глобальный университет (проект 5-100)",Москва,"183,85"
27,Казанский национальный исследовательский технологический университет,национальный исследовательский университет,Казань,"179,35"
28,Национальный исследовательский Мордовский государственный университет им. Н.П. Огарева,национальный исследовательский университет,Саранск,"179,09"
29,Саратовский национальный исследовательский государственный университет им. Н.Г. Чернышевского,национальный исследовательский университет,Саратов,"176,88"
30,Российский государственный педагогический университет им. А.И. Герцена,национальный исследовательский университет,Санкт-Петербург,"172,59"
31,Северо-Кавказский федеральный университет,федеральный университет,Ставрополь,"169,13"
32,Российский национальный исследовательский медицинский университет им. Н.И. Пирогова,национальный исследовательский университет,Москва,"166,57"
33,Магнитогорский государственный технический университет им. Г.И. Носова,опорный университет,Магнитогорск,"164,88"
34,Кубанский государственный аграрный университет им. И.Т. Трубилина,,Краснодар,"162,56"
35,"Санкт-Петербургский национальный исследовательский университет информационных технологий, механики и оптики","национальный исследовательский университет, глобальный университет (проект 5-100)",Санкт-Петербург,"157,91"
36,Пермский национальный исследовательский политехнический университет,национальный исследовательский университет,Пермь,"157,45"
37,Самарский национальный исследовательский университет им. акад. С.П. Королева,"национальный исследовательский университет, глобальный университет (проект 5-100)",Самара,"150,16"
38,Российский государственный социальный университет,опорный университет,Москва,"148,8"
39,Московский государственный институт международных отношений (университет),,Москва,"147,28"
40,Национальный исследовательский университет “МЭИ”,национальный исследовательский университет,Москва,"145,5"
41,Самарский государственный технический университет,опорный университет,Самара,"144,11"
42,Московский политехнический университет,,Москва,"143,99"
43,Санкт-Петербургский государственный экономический университет,национальный исследовательский университет,Санкт-Петербург,"140,76"
44,Тюменский индустриальный университет,опорный университет,Тюмень,"140,16"
45,Воронежский государственный технический университет,опорный университет,Воронеж,"135,84"
46,Российский государственный аграрный университет-Московская сельскохозяйственная академия им. К.А. Тимирязева,национальный исследовательский университет,Москва,"135,46"
47,Российский государственный университет нефти и газа (национальный исследовательский университет) им. И.М. Губкина,национальный исследовательский университет,Москва,"130,25"
48,Юго-Западный государственный университет,"национальный исследовательский университет, глобальный университет (проект 5-100)",Курск,"130,03"
49,Кубанский государственный технологический университет,"национальный исследовательский университет, глобальный университет (проект 5-100)",Краснодар,"128,41"
50,Башкирский государственный университет,,Уфа,"128,17"
51,Кубанский государственный университет,,Краснодар,"122,41"
52,Московский педагогический государственный университет,,Москва,"121,17"
53,Новосибирский государственный технический университет,опорный университет,Новосибирск,"120,94"
54,Московский авиационный институт (национальный исследовательский университет),национальный исследовательский университет,Москва,"119,75"
55,Белгородский государственный технологический университет им. В.Г. Шухова,опорный университет,Белгород,"118,22"
56,Московский городской педагогический университет,,Москва,"118,17"
57,Кемеровский государственный университет,опорный университет,Кемерово,"117,62"
58,Белгородский государственный национальный исследовательский университет,национальный исследовательский университет,Белгород,"117,26"
59,Тюменский государственный университет,глобальный университет (проект 5-100),Тюмень,"109,97"
60,Саратовский государственный технический университет им. Гагарина Ю.А.,опорный университет,Саратов,"108,65"
61,Дальневосточный федеральный университет,"федеральный университет, глобальный университет (проект 5-100)",Владивосток,"107,84"
62,Иркутский национальный исследовательский технический университет,национальный исследовательский университет,Иркутск,"107,4"
63,МИРЭА-Российский технологический университет,,Москва,"106,78"
64,Российский государственный гуманитарный университет,,Москва,"105,43"
65,Пензенский государственный университет,национальный исследовательский университет,Пенза,"102,2"
66,Саратовский государственный аграрный университет им. Н.И. Вавилова,,Саратов,"101,58"
67,Воронежский государственный аграрный университет им. Императора Петра I,,Воронеж,"99,27"
68,Башкирский государственный аграрный университет,,Уфа,"98,91"
69,Волгоградский государственный медицинский университет,национальный исследовательский университет,Волгоград,"96,35"
70,Оренбургский государственный университет,,Оренбург,"95,36"
71,Донской государственный аграрный университет,глобальный университет (проект 5-100),Персиановский,"95,01"
72,Санкт-Петербургский государственный электротехнический университет “ЛЭТИ” им. В.И. Ульянова (Ленина),глобальный университет (проект 5-100),Санкт-Петербург,"94,12"
73,Алтайский государственный университет,опорный университет,Барнаул,"93,99"
74,Пермский государственный национальный исследовательский университет,национальный исследовательский университет,Пермь,"93,93"
75,Российский химико-технологический университет им. Д.И. Менделеева,,Москва,"93,35"
76,Крымский федеральный университет им. В.И. Вернадского,федеральный университет,Симферополь,"91,64"
77,Омский государственный технический университет,опорный университет,Омск,"87,65"
78,Московский университет МВД РФ им. В.Я. Кикотя,,Москва,"86,62"
79,Нижегородский государственный технический университет им. Р.Е. Алексеева,опорный университет,Нижний Новгород,"85,82"
80,Российский университет транспорта (МИИТ),федеральный университет,Москва,"85,19"
81,Южно-Российский государственный политехнический университет (НПИ) им. М.И. Платова,опорный университет,Новочеркасск,"84,59"
82,Московский физико-технический институт (государственный университет),"национальный исследовательский университет, глобальный университет (проект 5-100)",Долгопрудный,"83,2"
83,Чувашский государственный университет им. И.Н. Ульянова,глобальный университет (проект 5-100),Чебоксары,"82,82"
84,Военно-медицинская академия им. С.М. Кирова,,Санкт-Петербург,"82,69"
85,Казанский национальный исследовательский технический университет им. А.Н. Туполева-КАИ,национальный исследовательский университет,Казань,"79,87"
86,Тульский государственный университет,опорный университет,Тула,"79,55"
87,Московский государственный медико-стоматологический университет им. А.И. Евдокимова,,Москва,"79,35"
88,Государственный университет управления,опорный университет,Москва,"79,23"
89,Алтайский государственный технический университет им. И.И. Ползунова,,Барнаул,"77,57"
90,Иркутский государственный университет,,Иркутск,"77,38"
91,Ульяновский государственный аграрный университет им. П.А. Столыпина,опорный университет,Ульяновск,"75,07"
92,Орловский государственный университет им. И.С. Тургенева,опорный университет,Орел,"74,99"
93,Тамбовский государственный технический университет,,Тамбов,"73,82"
94,Вятский государственный университет,опорный университет,Киров,"71,59"
95,Северо-Восточный федеральный университет им. М.К. Аммосова,федеральный университет,Якутск,"71,56"
96,Петербургский государственный университет путей сообщения Императора Александра I,,Санкт-Петербург,"70,42"
97,Уфимский государственный авиационный технический университет,,Уфа,"70,13"
98,Северный (Арктический) федеральный университет им. М.В. Ломоносова,федеральный университет,Архангельск,"70,13"
99,Сибирский государственный медицинский университет,опорный университет,Томск,"70,06"
100,Тамбовский государственный университет им. Г.Р. Державина,опорный университет,Тамбов,"69,68"
101,Северо-Западный государственный медицинский университет им. И.И. Мечникова,,Санкт-Петербург,"69,25"
102,Петрозаводский государственный университет,опорный университет,Петрозаводск,"69,14"
103,Саратовский государственный медицинский университет им. В.И. Разумовского,опорный университет,Саратов,"69,1"
104,Сибирский государственный университет науки и технологий им. акад. М.Ф. Решетнева,опорный университет,Красноярск,"68,97"
105,Воронежский государственный лесотехнический университет им. Г.Ф. Морозова,,Воронеж,"67,65"
106,Волгоградский государственный университет,федеральный университет,Волгоград,"66,58"
107,Санкт-Петербургский горный университет,национальный исследовательский университет,Санкт-Петербург,"65,45"
108,Ижевский государственный технический университет им. М.Т. Калашникова,опорный университет,Ижевск,"65,27"
109,Первый Санкт-Петербургский государственный медицинский университет им. акад. И.П. Павлова,,Санкт-Петербург,"63,64"
110,Сибирский государственный индустриальный университет,,Новокузнецк,"62,85"
111,Московский государственный юридический университет им. О.Е. Кутафина (МГЮА),,Москва,"62,25"
112,Воронежский государственный университет инженерных технологий,,Воронеж,"61,24"
113,Владимирский государственный университет им. А.Г. и Н.Г. Столетовых,опорный университет,Владимир,"60,85"
114,Московский государственный областной университет,,Москва,"60,23"
115,Московский государственный технологический университет “Станкин”,опорный университет,Москва,"59,8"
116,Московский автомобильно-дорожный государственный технический университет (МАДИ),,Москва,"59,43"
117,Кузбасский государственный технический университет им. Т.Ф. Горбачева,,Кемерово,"58,18"
118,Тольяттинский государственный университет,опорный университет,Тольятти,"57,42"
119,Новосибирский государственный педагогический университет,,Новосибирск,"56,48"
120,Балтийский федеральный университет им. И. Канта,"федеральный университет, глобальный университет (проект 5-100)",Калининград,"56,41"
121,Удмуртский государственный университет,,Ижевск,"55,86"
122,Тверской государственный университет,,Тверь,"55,43"
123,Нижегородский государственный педагогический университет им. К. Минина,,Нижний Новгород,"55,09"
124,Московский государственный университет технологий и управления им. К.Г. Разумовского (Первый казачий университет),,Москва,"54,56"
125,Приволжский исследовательский медицинский университет,,Нижний Новгород,"53,85"
126,Санкт-Петербургский государственный технологический институт (технический университет),,Санкт-Петербург,"53,4"
127,Омский государственный университет путей сообщения,,Омск,"53,37"
128,Российский государственный университет им. А.Н. Косыгина (Технологии. Дизайн. Искусство),,Москва,"53,24"
129,Ростовский государственный экономический университет (РИНХ),,Ростов-на-Дону,53
130,Новосибирский национальный исследовательский государственный университет,"национальный исследовательский университет, глобальный университет (проект 5-100)",Новосибирск,"52,64"
131,Московский государственный психолого-педагогический университет,,Москва,"52,48"
132,Российский университет кооперации,,Мытищи,"52,12"
133,Челябинский государственный университет,,Челябинск,"51,53"
134,Ульяновский государственный университет,опорный университет,Ульяновск,"51,39"
135,Российская таможенная академия,,Люберцы,"51,06"
136,Башкирский государственный медицинский университет,,Уфа,"50,71"
137,Орловский государственный аграрный университет им. Н.В. Парахина,,Орел,"50,6"
138,Южно-Уральский государственный медицинский университет,опорный университет,Челябинск,"49,83"
139,Воронежский государственный медицинский университет им. Н.Н. Бурденко,,Воронеж,"49,59"
140,Санкт-Петербургский государственный педиатрический медицинский университет,,Санкт-Петербург,"49,29"
141,Сибирский государственный университет путей сообщения,,Новосибирск,"49,27"
142,Астраханский государственный университет,,Астрахань,"49,05"
143,Самарский государственный медицинский университет,,Самара,"49,01"
144,Красноярский государственный медицинский университет им. проф. В.Ф. Войно-Ясенецкого,,Красноярск,"48,81"
145,Самарский государственный экономический университет,,Самара,"48,64"
146,"Белгородский университет кооперации, экономики и права",,Белгород,"47,69"
147,Поволжский государственный технологический университет,,Йошкар-Ола,"46,93"
148,Южно-Уральский государственный гуманитарно-педагогический университет,"федеральный университет, глобальный университет (проект 5-100)",Челябинск,"46,7"
149,Ростовский государственный университет путей сообщения,,Ростов-на-Дону,"46,27"
150,Ульяновский государственный технический университет,,Ульяновск,"45,95"
151,Тверской государственный технический университет,,Тверь,"45,8"
152,Национальный исследовательский университет “Московский институт электронной техники”,национальный исследовательский университет,Москва,"44,94"
153,Пензенский государственный технологический университет,,Пенза,"44,81"
154,"Национальный государственный университет физической культуры, спорта и здоровья им. П.Ф. Лесгафта",,Санкт-Петербург,"44,71"
155,Томский государственный университет систем управления и радиоэлектроники,,Томск,"44,67"
156,Вологодский государственный университет,"национальный исследовательский университет, глобальный университет (проект 5-100)",Вологда,"44,54"
157,Ивановский государственный химико-технологический университет,,Иваново,"44,53"
158,Ростовский государственный медицинский университет,,Ростов-на-Дону,"44,37"
159,Пятигорский государственный университет,,Пятигорск,"44,13"
160,Сургутский государственный университет,опорный университет,Сургут,"43,93"
161,Ярославский государственный университет им. П.Г. Демидова,опорный университет,Ярославль,"43,87"
162,Сибирский государственный автомобильно-дорожный университет,,Омск,"43,57"
163,Санкт-Петербургский государственный архитектурно-строительный университет,,Санкт-Петербург,"43,32"
164,Омский государственный университет им. Ф.М. Достоевского,опорный университет,Омск,"42,86"
165,Курский государственный медицинский университет,,Курск,"42,44"
166,Московский государственный университет пищевых производств,,Москва,"42,14"
167,Красноярский государственный педагогический университет им. В.П. Астафьева,национальный исследовательский университет,Красноярск,"42,11"
168,Костромской государственный университет,опорный университет,Кострома,"42,09"
169,Краснодарский университет МВД РФ,,Краснодар,"41,97"
170,Казанский государственный энергетический университет,,Казань,"41,84"
171,Казанский государственный медицинский университет,,Казань,"41,82"
172,Дагестанский государственный университет,,Махачкала,"41,76"
173,Марийский государственный университет,опорный университет,Йошкар-Ола,"41,46"
174,Российский государственный университет правосудия,,Москва,"41,43"
175,Пензенский государственный университет архитектуры и строительства,,Пенза,"41,4"
176,Пензенский государственный аграрный университет,,Пенза,"41,11"
177,Кабардино-Балкарский государственный университет им. Х.М. Бербекова,,Нальчик,"41,07"
178,Кубанский государственный медицинский университет,,Краснодар,"40,69"
179,Иркутский государственный университет путей сообщения,,Иркутск,"40,22"
180,Томский государственный архитектурно-строительный университет,,Томск,"39,61"
181,Забайкальский государственный университет,,Чита,"38,86"
182,Нижегородский государственный архитектурно-строительный университет,,Нижний Новгород,"38,73"
183,Волгоградский государственный аграрный университет,,Волгоград,"38,64"
184,Ижевская государственная сельскохозяйственная академия,,Ижевск,"38,34"
185,Белгородский государственный аграрный университет им. В.Я. Горина,,Белгород,"38,3"
186,Московский технический университет связи и информатики,,Москва,"38,05"
187,Новосибирский государственный университет экономики и управления “НИНХ”,,Новосибирск,"37,95"
188,Рязанский государственный университет им. С.А. Есенина,,Рязань,"37,42"
189,Ивановский государственный университет,,Иваново,"37,25"
190,Астраханский государственный технический университет,,Астрахань,"37,07"
191,Омский государственный медицинский университет,,Омск,"36,87"
192,Рязанский государственный агротехнологический университет им. П.А. Костычева,,Рязань,"36,49"
193,Курский государственный университет,,Курск,"36,28"
194,Тульский государственный педагогический университет им. Л.Н. Толстого,,Тула,"36,25"
195,Томский государственный педагогический университет,,Томск,"36,17"
196,Оренбургский государственный педагогический университет,,Оренбург,"35,77"
197,Санкт-Петербургский государственный аграрный университет,,Санкт-Петербург,"35,54"
198,Брянский государственный технический университет,,Брянск,"35,22"
199,Байкальский государственный университет,,Иркутск,"34,85"
200,"Российский государственный университет физической культуры, спорта, молодёжи и туризма",,Москва,"34,74"
201,Башкирский государственный педагогический университет им. М. Акмуллы,,Уфа,"34,59"
202,Волгоградский государственный социально-педагогический университет,,Волгоград,"34,54"
203,Северо-Кавказская государственная гуманитарно-технологическая академия,,Черкесск,"33,94"
204,Алтайский государственный медицинский университет,,Барнаул,"33,48"
205,Саратовская государственная юридическая академия,,Саратов,"33,26"
206,Санкт-Петербургский государственный университет промышленных технологий и дизайна,опорный университет,Санкт-Петербург,"33,08"
207,Казанский государственный архитектурно-строительный университет,,Казань,"32,8"
208,Уральский государственный экономический университет,,Екатеринбург,"32,78"
209,Уральский государственный педагогический университет,,Екатеринбург,"32,74"
210,Северный государственный медицинский университет,,Архангельск,"32,73"
211,Ульяновский государственный педагогический университет им. И.Н. Ульянова,,Ульяновск,"32,66"
212,Самарский государственный университет путей сообщения,,Самара,"32,57"
213,Северо-Осетинский государственный университет им. К.Л. Хетагурова,опорный университет,Владикавказ,"32,46"
214,Калмыцкий государственный университет им. Б.Б. Городовикова,опорный университет,Элиста,"32,35"
215,Санкт-Петербургский государственный университет аэрокосмического приборостроения,,Санкт-Петербург,"32,33"
216,Южно-Уральский государственный аграрный университет,,Троицк,"32,21"
217,Новосибирский государственный медицинский университет,,Новосибирск,"32,06"
218,Военный учебно-научный центр Военно-воздушных сил “Военно-воздушная академия им. проф. Н.Е. Жуковского и Ю.А. Гагарина”,,Воронеж,"31,98"
219,Санкт-Петербургский университет МВД РФ,,Санкт-Петербург,"31,57"
220,Московский государственный лингвистический университет,,Москва,"31,49"
221,Уральский государственный университет путей сообщения,,Екатеринбург,"31,46"
222,Новгородский государственный университет им. Ярослава Мудрого,опорный университет,Великий Новгород,"31,15"
223,Липецкий государственный технический университет,,Липецк,"30,66"
224,Оренбургский государственный медицинский университет,,Оренбург,"30,58"
225,Брянский государственный аграрный университет,,Брянск,"30,5"
226,Российский государственный университет туризма и сервиса,,Москва,"30,14"
227,Омский государственный аграрный университет им. П.А. Столыпина,,Омск,"30,12"
228,Рязанский государственный медицинский университет им. акад. И.П. Павлова,,Рязань,"29,92"
229,"Кубанский государственный университет физической культуры, спорта и туризма",,Краснодар,"29,73"
230,Братский государственный университет,,Братск,"29,72"
231,Новосибирский государственный аграрный университет,,Новосибирск,"29,7"
232,Ленинградский государственный университет им. А.С. Пушкина,,Санкт-Петербург,"28,91"
233,Ставропольский государственный медицинский университет,,Ставрополь,"28,89"
234,Бурятский государственный университет,,Улан-Удэ,"28,42"
235,Уральский государственный медицинский университет,,Екатеринбург,"28,32"
236,Уральский государственный юридический университет,,Екатеринбург,"28,27"
237,Московский гуманитарный университет,,Москва,"27,81"
238,Оренбургский государственный аграрный университет,,Оренбург,"27,67"
239,Санкт-Петербургский государственный университет телекоммуникаций им. проф. М.А. Бонч-Бруевича,,Санкт-Петербург,"27,57"
240,Брянский государственный университет им. акад. И.Г. Петровского,,Брянск,"27,47"
241,Ярославский государственный педагогический университет им. К.Д. Ушинского,,Ярославль,"27,45"
242,Всероссийский государственный университет юстиции,,Москва,"27,31"
243,Новосибирский государственный архитектурно-строительный университет,,Новосибирск,"27,13"
244,Государственный университет по землеустройству,,Москва,"27,08"
245,Мордовский государственный педагогический институт им. М.Е. Евсевьева,,Саранск,27
246,Тверской государственный медицинский университет,,Тверь,"26,91"
247,Ивановский государственный политехнический университет,,Иваново,"26,87"
248,Государственный университет морского и речного флота им. адмирала С.О. Макарова,,Санкт-Петербург,"26,78"
249,Российский государственный профессионально-педагогический университет,,Екатеринбург,"26,59"
250,Дипломатическая академия МИД РФ,,Москва,"26,52"
251,Адыгейский государственный университет,,Майкоп,"26,47"
252,Московская государственная академия ветеринарной медицины и биотехнологии – МВА им. К.И. Скрябина,,Москва,"26,42"
253,Тюменский государственный медицинский университет,,Тюмень,"26,25"
254,Дагестанский государственный педагогический университет,,Махачкала,"26,18"
255,Самарская государственная сельскохозяйственная академия,,Самара,"26,18"
256,Красноярский государственный аграрный университет,,Красноярск,"26,04"
257,Тихоокеанский государственный университет,,Хабаровск,"25,96"
258,Омский государственный педагогический университет,,Омск,"25,71"
259,Восточно-Сибирский государственный университет технологий и управления,,Улан-Удэ,"25,61"
260,Владивостокский государственный университет экономики и сервиса,,Владивосток,"25,15"
261,Пермский государственный медицинский университет им. ак. Е.А. Вагнера,,Пермь,"24,9"
262,Уральский государственный университет физической культуры,,Челябинск,"24,78"
263,Курская государственная сельскохозяйственная академия им. И.И. Иванова,,Курск,"24,38"
264,Дальневосточный государственный университет путей сообщения,,Хабаровск,"24,26"
265,Военная академия материально-технического обеспечения им. генерала армии А.В. Хрулева,,Санкт-Петербург,"24,25"
266,Технологический университет,,Королев,"24,09"
267,Всероссийская академия внешней торговли,,Москва,"23,96"
268,Чеченский государственный университет,,Грозный,"23,92"
269,Санкт-Петербургский государственный институт культуры,,Санкт-Петербург,"23,92"
270,Иркутский государственный медицинский университет,,Иркутск,"23,81"
271,Ивановский государственный энергетический университет им. В.И. Ленина,,Иваново,"23,76"
272,Санкт-Петербургский государственный лесотехнический университет им. С.М. Кирова,,Санкт-Петербург,"23,54"
273,Смоленский государственный медицинский университет,опорный университет,Смоленск,"23,47"
274,Калининградский государственный технический университет,,Калининград,"23,28"
275,Академия управления МВД России,,Москва,"23,27"
276,Алтайский государственный педагогический университет,,Барнаул,"23,22"
277,Волгоградская академия МВД РФ,,Волгоград,"23,21"
278,Московский государственный институт культуры,,Химки,"23,17"
279,Кабардино-Балкарский государственный аграрный университет им. В.М. Кокова,,Нальчик,"23,15"
280,Астраханский государственный медицинский университет,,Астрахань,"22,99"
281,Мичуринский государственный аграрный университет,,Мичуринск,"22,92"
282,Сочинский государственный университет,опорный университет,Сочи,"22,92"
283,Российский новый университет,,Москва,"22,77"
284,Государственный социально-гуманитарный университет,,Коломна,"22,72"
285,Московская государственная академия физической культуры,,Малаховка,"22,42"
286,Академия права и управления Федеральной службы исполнения наказаний России Минюста РФ,,Рязань,"22,17"
287,Уральский государственный аграрный университет,,Екатеринбург,"21,96"
288,Уральский государственный горный университет,,Екатеринбург,"21,93"
289,Тихоокеанский государственный медицинский университет,,Владивосток,"21,86"
290,Пермский государственный гуманитарно-педагогический университет,,Пермь,"21,81"
291,Алтайский государственный аграрный университет,,Барнаул,"21,8"
292,Воронежский государственный педагогический университет,,Воронеж,"21,64"
293,Елецкий государственный университет им. И.А. Бунина,,Елец,"21,58"
294,Кемеровский государственный медицинский университет,,Кемерово,"21,27"
295,Северо-кавказский горно-металлургический институт,,Владикавказ,"21,25"
296,Смоленский государственный университет,опорный университет,Смоленск,"21,12"
297,Воронежский институт МВД РФ,,Воронеж,"21,08"
298,Самарский государственный социально-педагогический университет,,Самара,"20,91"
299,Санкт-Петербургский университет государственной противопожарной службы МЧС РФ,,Санкт-Петербург,"20,9"
300,Поволжский государственный университет сервиса,,Тольятти,"20,76"
301,Сыктывкарский государственный университет им. Питирима Сорокина,опорный университет,Сыктывкар,"20,43"
302,Белгородский юридический институт МВД РФ им. И.Д. Путилина,,Белгород,"20,4"
303,Комсомольский-на-Амуре государственный университет,,Комсомольск-на-Амуре,"20,33"
304,Санкт-Петербургский гуманитарный университет профсоюзов,,Санкт-Петербург,"20,03"
305,Уральский государственный лесотехнический университет,,Екатеринбург,20
306,Российский государственный гидрометеорологический университет,,Санкт-Петербург,"19,95"
307,Балтийский государственный технический университет “ВОЕНМЕХ” им. Д.Ф. Устинова,,Санкт-Петербург,"19,89"
308,Московский государственный технический университет гражданской авиации,,Москва,"19,86"
309,Майкопский государственный технологический университет,,Майкоп,"19,71"
310,Академия государственной противопожарной службы МЧС России,,Москва,"19,56"
311,Волгоградская государственная академия физической культуры,,Волгоград,"19,47"
312,Амурский государственный университет,,Благовещенск,"19,37"
313,Военно-космическая академия им. А.Ф. Можайского,,Санкт-Петербург,"19,17"
314,Нижегородский государственный инженерно-экономический университет,,Княгинино,"19,11"
315,Ижевская государственная медицинская академия,,Ижевск,"18,95"
316,Военная академия связи им. Маршала Советского Союза С.М. Буденного,,Санкт-Петербург,"18,91"
317,Университет прокуратуры РФ,,Москва,"18,88"
318,Вятская государственная сельскохозяйственная академия,,Киров,"18,8"
319,Ярославский государственный медицинский университет,опорный университет,Ярославль,"18,56"
320,Российский государственный геологоразведочный университет им. Серго Орджоникидзе,,Москва,"18,4"
321,"Поволжская государственная академия физической культуры, спорта и туризма",,Казань,"18,38"
322,Читинская государственная медицинская академия,,Чита,"18,24"
323,Ивановская пожарно-спасательная академия Государственной противопожарной службы МЧС РФ,,Иваново,"18,15"
324,Нижегородская академия МВД РФ,,Нижний Новгород,18
325,Военный университет Министерства обороны РФ,,Москва,"17,81"
326,Казанский инновационный университет им. В.Г. Тимирясова (ИЭУП),,Казань,"17,81"
327,Курганский государственный университет,,Курган,"17,31"
328,Европейский университет в Санкт-Петербурге,,Санкт-Петербург,"17,22"
329,Дальневосточный государственный медицинский университет,,Хабаровск,"17,18"
330,Псковский государственный университет,опорный университет,Псков,"17,14"
331,Казанский государственный аграрный университет,,Казань,"17,11"
332,Сибирский государственный университет физической культуры и спорта,,Омск,"17,1"
333,Пермский государственный аграрно-технологический университет им. акад. Д.Н. Прянишникова,,Пермь,"16,99"
334,Московский университет им. С.Ю. Витте,,Москва,"16,91"
335,Чувашский государственный педагогический университет им. И.Я. Яковлева,,Чебоксары,"16,66"
336,Академия социального управления,,Москва,"16,58"
337,Череповецкий государственный университет,опорный университет,Череповец,"16,56"
338,Волжский государственный университет водного транспорта,,Нижний Новгород,"16,55"
339,Дагестанский государственный аграрный университет им. М.М. Джамбулатова,,Махачкала,"16,3"
340,Сибирский государственный университет геосистем и технологий,,Новосибирск,"16,24"
341,Ивановская государственная медицинская академия,,Иваново,"16,09"
342,Санкт-Петербургский государственный институт кино и телевидения,,Санкт-Петербург,"16,02"
343,Севастопольский государственный университет,,Севастополь,"16,01"
344,Ставропольский государственный педагогический институт,,Ставрополь,"15,92"
345,Курганская государственная сельскохозяйственная академия им. Т.С. Мальцева,,Лесниково,"15,79"
346,Государственный аграрный университет Северного Зауралья,,Тюмень,"15,65"
347,Югорский государственный университет,,Ханты-Мансийск,"15,63"
348,Сургутский государственный педагогический университет,,Сургут,"15,54"
349,Альметьевский государственный нефтяной институт,,Альметьевск,"15,26"
350,Омская академия МВД РФ,,Омск,"15,21"
351,Государственный морской университет им. адм. Ф.Ф. Ушакова,,Новороссийск,"15,15"
352,Мурманский государственный технический университет,,Мурманск,"14,67"
353,Поволжский государственный университет телекоммуникаций и информатики,,Самара,"14,67"
354,Чувашская государственная сельскохозяйственная академия,,Чебоксары,"14,41"
355,Горно-Алтайский государственный университет,,Горно-Алтайск,"14,4"
356,Липецкий государственный педагогический университет им. П.П. Семенова-Тян-Шанского,,Липецк,"14,38"
357,Ухтинский государственный технический университет,,Ухта,"14,38"
358,Нижневартовский государственный университет,,Нижневартовск,"14,13"
359,Российский государственный аграрный заочный университет,,Балашиха,"13,89"
360,Московский государственный институт музыки им. А.Г. Шнитке,,Москва,"13,73"
361,Московский финансово-промышленный университет “Синергия”,,Москва,"13,7"
362,Горский государственный аграрный университет,,Владикавказ,"13,55"
363,Санкт-Петербургская государственная химико-фармацевтическая академия,,Санкт-Петербург,"13,37"
364,Кировский государственный медицинский университет,,Киров,"13,34"
365,Дальневосточный государственный аграрный университет,,Благовещенск,"13,22"
366,Университет Дубна,,Дубна,"13,16"
367,Академия труда и социальных отношений,,Москва,"13,08"
368,Грозненский государственный нефтяной технический университет им. М.Д. Миллионщикова,,Грозный,"12,75"
369,Кемеровский государственный институт культуры,,Кемерово,"12,73"
370,Иркутский государственный аграрный университет им. А.А. Ежевского,,Молодежный,"12,71"
371,Санкт-Петербургский государственный морской технический университет,,Санкт-Петербург,"12,67"
372,Амурская государственная медицинская академия,,Благовещенск,"12,58"
373,Пермская государственная фармацевтическая академия,,Пермь,"12,47"
374,Дагестанский государственный технический университет,,Махачкала,"12,36"
375,Санкт-Петербургский университет технологий управления и экономики,,Санкт-Петербург,"12,33"
376,Хабаровский государственный университет экономики и права,,Хабаровск,"12,16"
377,Вологодская государственная молочнохозяйственная академия им. Н.В. Верещагина,,Вологда,"12,06"
378,Московская государственная консерватория имени П.И. Чайковского,,Москва,"12,02"
379,Нижегородский государственный лингвистический университет им. Н.А. Добролюбова,,Нижний Новгород,"12,01"
380,Санкт-Петербургский государственный университет гражданской авиации,,Санкт-Петербург,"11,83"
381,Хакасский государственный университет им. Н.Ф. Катанова,национальный исследовательский университет,Абакан,"11,76"
382,Санкт-Петербургская государственная академия ветеринарной медицины,,Санкт-Петербург,"11,73"
383,Челябинский государственный институт культуры,,Челябинск,"11,67"
384,Государственный институт русского языка им. А.С. Пушкина,,Москва,"11,56"
385,Брянский государственный инженерно-технологический университет,,Брянск,"11,51"
386,Православный Свято-Тихоновский гуманитарный университет,,Москва,"11,43"
387,Краснодарский государственный институт культуры,,Краснодар,"11,38"
388,Барнаульский юридический институт МВД РФ,,Барнаул,"11,33"
389,Нижегородская государственная сельскохозяйственная академия,,Нижний Новгород,"11,31"
390,Ярославский государственный технический университет,,Ярославль,"11,15"
391,Санкт-Петербургская государственная консерватория им. Н.А. Римского-Корсакова,,Санкт-Петербург,"11,04"
392,Орловский государственный университет экономики и торговли,,Орел,"11,01"
393,Сибирский государственный университет водного транспорта,,Новосибирск,"10,83"
394,Сибирский юридический институт МВД РФ,,Красноярск,"10,73"
395,Государственный гуманитарно-технологический университет,,Орехово-Зуево,"10,68"
396,Дагестанский государственный медицинский университет,,Махачкала,"10,5"
397,Санкт-Петербургский национальный исследовательский Академический университет РАН,национальный исследовательский университет,Санкт-Петербург,"10,43"
398,Московский государственный университет геодезии и картографии,,Москва,"10,38"
399,Уфимский юридический институт МВД РФ,,Уфа,"10,3"
400,Приамурский государственный университет им. Шолом-Алейхема,опорный университет,Биробиджан,"10,1"
401,Армавирский государственный педагогический университет,,Армавир,10
402,Северо-Осетинская государственная медицинская академия,,Владикавказ,"9,93"
403,Сибирский государственный университет телекоммуникаций и информатики,,Новосибирск,"9,81"
404,Кемеровский государственный сельскохозяйственный институт,,Кемерово,"9,79"
405,Калужский государственный университет им. К.Э. Циолковского,,Калуга,"9,75"
406,Ангарский государственный технический университет,,Ангарск,"9,2"
407,Башкирская академия государственной службы и управления при Главе Республики Башкортостан,,Уфа,"9,14"
408,Орловский юридический институт МВД РФ им. В.В. Лукьянова,,Орел,"9,09"
409,Казанский государственный институт культуры,,Казань,"9,04"
410,Тувинский государственный университет,,Кызыл,"8,99"
411,Академия гражданской защиты МЧС России,,Химки,"8,92"
412,Восточно-Сибирский институт МВД РФ,,Иркутск,"8,81"
413,Тверская государственная сельскохозяйственная академия,,Тверь,"8,8"
414,Воронежский экономико-правовой институт,,Воронеж,"8,75"
415,Шадринский государственный педагогический университет,,Шадринск,"8,62"
416,Дальневосточный юридический институт МВД РФ,,Хабаровск,"8,59"
417,Благовещенский государственный педагогический университет,,Благовещенск,"8,59"
418,Дальневосточный государственный технический рыбохозяйственный университет,,Владивосток,"8,59"
419,Новосибирский военный институт им. генерала армии И.К. Яковлева войск национальной гвардии Российской Федерации,,Новосибирск,"8,53"
420,Московский гуманитарно-экономический университет,,Москва,"8,13"
421,Алтайский государственный гуманитарно-педагогический университет им. В.М. Шукшина,,Бийск,"8,08"
422,Мурманский арктический государственный университет,опорный университет,Мурманск,"8,07"
423,Воронежский институт ФСИН России,,Воронеж,"8,03"
424,Воронежский институт высоких технологий,,Воронеж,"8,01"
425,Сибирский университет потребительской кооперации,,Новосибирск,"7,88"
426,Рыбинский государственный авиационный технический университет им. П.А. Соловьева,,Рыбинск,"7,81"
427,Московская академия следственного комитета,,Москва,"7,78"
428,Российская международная академия туризма,,Сходня,"7,77"
429,Бурятская государственная сельскохозяйственная академия им. В.Р. Филиппова,,Улан-Удэ,"7,69"
430,Приморская государственная сельскохозяйственная академия,,Уссурийск,"7,55"
431,Академия Федеральной службы охраны РФ,,Орел,"7,43"
432,Самарский университет государственного управления “Международный институт рынка”,,Самара,"7,3"
433,Московский финансово-юридический университет МФЮА,,Москва,"7,21"
434,Сахалинский государственный университет,,Южно-Сахалинск,"7,19"
435,Дагестанский государственный университет народного хозяйства,,Махачкала,"7,07"
436,Смоленская государственная сельскохозяйственная академия,,Смоленск,"6,9"
437,Ростовский юридический институт МВД РФ,,Ростов-на-Дону,"6,9"
438,Московский государственный гуманитарно-экономический университет,,Москва,"6,9"
439,Глазовский государственный педагогический институт им. В.Г. Короленко,,Глазов,"6,89"
440,Сколковский институт науки и технологий,,Сколково,"6,89"
441,Костромская государственная сельскохозяйственная академия,,Кострома,"6,84"
442,Якутская государственная сельскохозяйственная академия,,Якутск,"6,79"
443,Ивановская государственная сельскохозяйственная академия им. акад. Д.К. Беляева,,Иваново,"6,78"
444,Ингушский государственный университет,,Магас,"6,74"
445,Уральский юридический институт МВД РФ,,Екатеринбург,"6,73"
446,Вологодский институт права и экономики ФСИН России,,Вологда,"6,46"
447,Морской государственный университет им. адм. Г.И. Невельского,,Владивосток,"6,4"
448,Московский государственный институт индустрии туризма им. Ю.А. Сенкевича,,Москва,"6,32"
449,Московский психолого-социальный университет,,Москва,"6,32"
450,Военная академия ракетных войск стратегического назначения им. Петра Великого,,Москва,"6,27"
451,Амурский гуманитарно-педагогический государственный университет,,Комсомольск-на-Амуре,"6,19"
452,Ярославская государственная сельскохозяйственная академия,,Ярославль,"6,17"
453,Московский городской университет управления Правительства Москвы,,Москва,"6,06"
454,Чеченский государственный педагогический университет,,Грозный,"6,02"
455,Омская юридическая академия,,Омск,"5,98"
456,Алтайский государственный институт культуры,,Барнаул,"5,98"
457,Уральский институт Государственной противопожарной службы МЧС России,,Екатеринбург,"5,95"
458,Белгородский государственный институт искусств и культуры,,Белгород,"5,85"
459,Санкт-Петербургский военный институт войск национальной гвардии,,Санкт-Петербург,"5,78"
460,Пермский военный институт войск национальной гвардии Российской Федерации,,Пермь,"5,78"
461,Московский архитектурный институт,,Москва,"5,75"
462,"Смоленская государственная академия физической культуры, спорта и туризма",,Смоленск,"5,71"
463,Московская высшая школа социальных и экономических наук,,Москва,"5,7"
464,Самарский государственный институт культуры,,Самара,"5,68"
465,Московский международный университет,,Москва,"5,59"
466,Казанская государственная академия ветеринарной медицины им. Н.Э. Баумана,,Казань,"5,57"
467,Камчатский государственный университет им. Витуса Беринга,,Петропавловск-Камчатский,"5,54"
468,Академия маркетинга и социально-информационных технологий,,Краснодар,"5,44"
469,Университет управления “ТИСБИ” (Татарский институт содействия бизнесу),,Казань,"5,42"
470,Международный инновационный университет,,Сочи,"5,17"
471,Астраханский государственный архитектурно-строительный университет,,Астрахань,"5,12"
472,Красноярский государственный институт искусств,,Красноярск,"5,07"
473,Нижегородская государственная консерватория им. М.И. Глинки,,Нижний Новгород,"5,03"
474,Самарский юридический институт ФСИН России,,Самара,"4,88"
475,Медицинский университет “РЕАВИЗ”,,Самара,"4,82"
476,Камчатский государственный технический университет,,Петропавловск-Камчатский,"4,82"
477,Владимирский юридический институт ФСИН России,,Владимир,"4,79"
478,Керченский государственный морской технологический университет,,Керчь,"4,78"
